,ID,STATION_NAME,RIVER_BASIN,COUNTY,LONGITUDE,LATITUDE,ELEVATION,OPERATOR
0,6SI,TULARE PRECIPITATION INDEX,TULARE LAKE,TULARE,-118.702,36.288,0,CA Dept of Water Resources/Snow Surveys
1,8SI,NORTHERN SIERRA 8-STATION PRECIP INDEX,SACRAMENTO R,PLUMAS,-120.9,39.9,0,CA Dept of Water Resources/Flood Management
2,ADR,AUBURN DAM RIDGE,AMERICAN R,PLACER,-121.045,38.882,1200,US Bureau of Reclamation
3,ADS,ALDER SPRINGS NEAR ELK CREEK,STONY CR,GLENN,-122.725,39.65,4500,US Forest Service
4,AGW,A.G. WISHON (PG&E),SAN JOAQUIN R,MERCED,-119.505,37.151,1000,Pacific Gas & Electric
5,ALS,ALDER SPRINGS (USACE),STONY CR,GLENN,-122.725,39.65,4500,US Army Corps of Engineers
6,ALT,ALTURAS RS,PIT R,MODOC,-120.55,41.5,4400,US Forest Service
7,ALY,ALLEGHANY,YUBA R,SIERRA,-120.875,39.47,4957,CA Dept of Water Resources/Operations and Maintenance
8,ANG,ANGWIN,NAPA R,NAPA,-122.4332,38.5712,1815,CA Dept of Water Resources/Flood Management
9,ANT,ANTELOPE LAKE,FEATHER R,PLUMAS,-120.607,40.18,4960,CA Dept of Water Resources/O&M Oroville Field Division
10,ANU,ARGONAUT DAM CA ARB RAWS,MOKELUMNE R,AMADOR,-120.7902,38.3536,1513,CA Air Resources Board
11,API,ALPINE,SAN DIEGO R,SAN DIEGO,-116.739,32.834,2041,US Forest Service
12,ARS,ARROWHEAD SPRINGS HOTEL,LYTLE CR,SAN BERNARDINO,-117.264,34.184,2000,.None Specified
13,ARW,ARDEN WAY,AMERICAN R,SACRAMENTO,-121.413,38.596,35,Sacramento County
14,ARY,ARROYO SECO,SALINAS R,MONTEREY,-121.488,36.23,980,US Forest Service
15,ASM,ASH MOUNTAIN,KAWEAH R,TULARE,-118.833,36.483,1708,Sequoia and Kings Canyon National Parks
16,ATL,ATLAS PEAK,NAPA R,NAPA,-122.248333,38.428333,1660,CA Dept of Water Resources/Flood Management
17,ATW,ATWELL CAMP,KAWEAH R,TULARE,-118.631,36.464,6400,US Army Corps of Engineers
18,BAL,BALCH PH (PG&E),KINGS R,FRESNO,-119.089,36.909,1720,Pacific Gas & Electric
19,BAP,BYRON AIRPORT,DELTA,CONTRA COSTA,-121.6225,37.8306,43,Contra Costa County
20,BAR,BEAR,MERCED R,MARIPOSA,-120.217,37.367,319,US Army Corps of Engineers
21,BCH,BEACH MEADOWS,KERN R,TULARE,-118.293457,36.126095,7650,CA Dept of Water Resources/Snow Surveys
22,BCM,BRUSH CREEK (DWR-2),FEATHER R,BUTTE,-121.34,39.694,3560,CA Dept of Water Resources
23,BCR,BRUSH CREEK RS,FEATHER R,BUTTE,-121.34,39.69,3520,US Forest Service
24,BDC,BOULDER CREEK,SAN LORENZO R,SANTA CRUZ,-122.163,37.142,800,Santa Cruz County
25,BDD,BIG DALTON DAM,SAN GABRIEL R,LOS ANGELES,-117.808,34.17,1587,.None Specified
26,BDM,BALD MOUNTAIN (USBR),SAN JOAQUIN R,FRESNO,-119.4,37.067,4720,US Bureau of Reclamation
27,BDY,BRANDY CREEK,SACTO VLY NE,SHASTA,-122.567,40.617,1300,US Bureau of Reclamation
28,BER,BERRYESSA,PUTAH CR,NAPA,-122.104,38.513,456,US Bureau of Reclamation
29,BFK,BAKERSFIELD AIRPORT,TULARE LAKE,KERN,-119.054,35.434,494,National Weather Service
30,BFL,BIG FLAT,TRINITY R,TRINITY,-122.942,41.08,5100,US Bureau of Reclamation
31,BGB,BIG BAR,TRINITY R,TRINITY,-123.2,40.733,1270,US Forest Service
32,BGC,BIG CREEK 1,SAN JOAQUIN R,FRESNO,-119.24,37.205,4878,"Southern California Edison Company, Big Creek"
33,BGR,BANGOR,YUBA R,BUTTE,-121.386246,39.38073,800,CAL FIRE
34,BGV,BRIDGEVILLE,VAN DUZEN R,HUMBOLDT,-123.792,40.474,646,CA Dept of Water Resources/Flood Management
35,BHL,BEVERLY HILLS,LOS ANGELES R,LOS ANGELES,-118.42,34.125,1260,Los Angeles County Fire Dept
36,BIM,BIG MEADOWS (DWR),KINGS R,TULARE,-118.84343,36.715365999999996,7600,CA Dept of Water Resources/Snow Surveys
37,BKL,BUCKS LAKE,FEATHER R,PLUMAS,-121.242,39.85,5750,CA Dept of Water Resources/Operations and Maintenance
38,BKM,BUCK MEADOWS,TUOLUMNE R,TUOLUMNE,-120.0975,37.8233,3200,Hetch Hetchy Water and Power
39,BKP,BUCKS CREEK PH,FEATHER R,PLUMAS,-121.333,39.917,1760,Pacific Gas & Electric
40,BL2,BLUE CANYON #2 (ETI),AMERICAN R,PLACER,-120.7,39.283,5280,CA Dept of Water Resources
41,BLA,BLACKS MOUNTAIN,PIT R,LASSEN,-121.199722,40.769836,7050,CA Dept of Water Resources/Snow Surveys
42,BLB,BLACK BUTTE,STONY CR,TEHAMA,-122.329,39.808,426,US Army Corps of Engineers
43,BLC,BLUE CANYON,AMERICAN R,PLACER,-120.70871000000001,39.28011,5280,US Bureau of Reclamation
44,BLD,BLOODS CREEK,STANISLAUS R,ALPINE,-120.033,38.45,7200,US Bureau of Reclamation
45,BLH,BALCH PH,KINGS R,FRESNO,-119.083,36.917,1720,Pacific Gas & Electric
46,BLM,BLACK MOUNTAIN,SALINAS R,SAN LUIS OBISPO,-120.353,35.395,3625,CA Dept of Water Resources/Flood Management
47,BLN,BEN LOMOND,SAN LORENZO R,SANTA CRUZ,-122.075,37.093,365,Santa Cruz County
48,BLO,BEN LOMOND (CDF),SAN LORENZO R,SANTA CRUZ,-122.17,37.132,2630,CAL FIRE
49,BLS,BLACK SPRINGS,STANISLAUS R,CALAVERAS,-120.192,38.375,6500,US Bureau of Reclamation
50,BMH,BOGGS MT PRECIP AT HOBERGS,CACHE CR,LAKE,-122.7111,38.8389,3550,US Geological Survey
51,BMI,BEAR CYN RD PRECIP NR MIDDLETOWN,PUTAH CR,LAKE,-122.6808,38.7639,2220,US Geological Survey
52,BNK,BONANZA KING,TRINITY R,TRINITY,-122.628,41.083,6450,US Bureau of Reclamation
53,BNR,BUNNING RANCH,FRESNO R,MARIPOSA,-119.89,37.3678,1520,US Army Corps of Engineers
54,BNY,BURNS CANYON,WHITEWATER R,SAN BERNARDINO,-116.6217,34.208,6000,CAL FIRE
55,BOL,BOWMAN LAKE,YUBA R,NEVADA,-120.6536,39.4481,5390,CA Dept of Water Resources/Flood Management
56,BPT,BRIDGEPORT,WALKER R,MONO,-119.289,38.272,6650,US Forest Service
57,BRA,SALINAS RIVER NEAR BRADLEY,SALINAS R,MONTEREY,-120.86878999999999,35.930244,443,USGS and DWR
58,BRC,BEAR CREEK NEAR LODI,SAN JOAQUIN R,SAN JOAQUIN,-121.211,38.074,60,San Joaquin County
59,BRD,BEARDSLEY LAKE,STANISLAUS R,TUOLUMNE,-120.075,38.203,3398,Oakdale South San Joaquin Irrigation District
60,BRE,BEAR R AT ROLLINS RESERVOIR,BEAR R,PLACER,-120.953,39.133,1945,"Pacific Gas and Electric Company, Auburn"
61,BRI,VAN DUZEN R NR BRIDGEVILLE AT GRIZZLY CR,VAN DUZEN R,HUMBOLDT,-123.890877,40.480415,358,USGS and DWR
62,BRM,BEAR TRAP MEADOW,KAWEAH R,TULARE,-118.858,36.676,6800,US Army Corps of Engineers
63,BRS,BRUSH CREEK (DWR),FEATHER R,BUTTE,-121.339,39.692,3560,CA Dept of Water Resources/Operations and Maintenance
64,BRY,SACRAMENTO RIVER AT BRYTE,SACRAMENTO R,YOLO,-121.533,38.602,30,CA Dept of Water Resources
65,BSG,BARKER SLOUGH,DELTA,SOLANO,-121.934448,38.32,83,Solano County Water Agency
66,BTR,BATTLE RIDGE,SACTO VLY NE,TEHAMA,-121.75,40.333,3400,US Bureau of Reclamation
67,BUC,BUCHANAN DAM,CHOWCHILLA R,MADERA,-119.97,37.213,450,US Army Corps of Engineers
68,BUD,BULLARDS BAR,YUBA R,YUBA,-121.1439,39.3963,2100,Yuba County Water Agency
69,BUL,NEW BULLARDS BAR,YUBA R,YUBA,-121.14,39.393,1965,Yuba County Water Agency
70,BUP,BUCKS CREEK POWERHOUSE,FEATHER R,PLUMAS,-121.333,39.917,1760,Pacific Gas & Electric
71,BUR,BURNS CREEK DAM,MERCED R,MERCED,-120.275,37.377,319,US Army Corps of Engineers
72,BVA,BROWNS VALLEY (CIMIS 84),YUBA R,YUBA,-121.31567,39.252561,940,CA Dept of Water Resources/North Central Region Office
73,BYM,BLUE CANYON (DWR-2),AMERICAN R,PLACER,-120.7,39.283,5280,CA Dept of Water Resources
74,CAG,CAMP ANGELUS,SANTA ANA R,SAN BERNARDINO,-116.978,34.15,5780,.None Specified
75,CAM,CAMPTONVILLE (DWR),YUBA R,YUBA,-121.049,39.451,2755,CA Dept of Water Resources/Operations and Maintenance
76,CAP,CAPLES LAKE,AMERICAN R,ALPINE,-120.042,38.71,8000,US Bureau of Reclamation
77,CAU,CAHUILLA,COLORADO R,IMPERIAL,-115.174,32.974,278,US Bureau of Land Management
78,CBO,CARIBOU PH,FEATHER R,PLUMAS,-121.15,40.085,2986,Pacific Gas & Electric
79,CBT,CRABTREE MEADOW,KERN R,TULARE,-118.347946,36.563683000000005,10700,CA Dept of Water Resources/Snow Surveys
80,CCE,COW CREEK (USBR),SACTO VLY NE,SHASTA,-121.853,40.603,2840,US Bureau of Reclamation
81,CCH,CACHUMA LAKE,SANTA YNEZ R,SANTA BARBARA,-119.98,34.583,781,US Bureau of Reclamation
82,CCT,CALAVERAS COTTAGE,ALAMEDA CR,SANTA CLARA,-121.82078500000001,37.488321,822,San Francisco PUC
83,CFF,COFFEE CREEK RANGER STATION,TRINITY R,TRINITY,-122.7086,41.0894,2503,CA Dept of Water Resources/Flood Management
84,CFR,COFFEE RIDGE,TRINITY R,TRINITY,-122.717,41.083,3040,US Bureau of Reclamation
85,CFW,BEAR RIVER AT CAMP FAR WEST DAM,BEAR R,YUBA,-121.317,39.05,260,CA Dept of Water Resources/Flood Management
86,CGR,CEDAR GROVE,KINGS R,TULARE,-118.659,36.788,4720,National Park Service
87,CGT,COLGATE PH,YUBA R,YUBA,-121.19,39.3308,600,CA Dept of Water Resources/Flood Management
88,CHE,CHEESEBORO,VENTURA LA COASTAL,VENTURA,-118.7172,34.1847,1650,National Park Service
89,CHG,CHICAGO,AMERICAN R,SACRAMENTO,-121.254,38.652,210,Sacramento County
90,CHI,CHICO,BUTTE CR,BUTTE,-121.783,39.712,230,CAL FIRE
91,CHL,CHALLENGE RANGER STATION,YUBA R,YUBA,-121.217,39.483,3200,US Forest Service
92,CHM,CHILKOOT MEADOW,SAN JOAQUIN R,MADERA,-119.49,37.41,7150,US Bureau of Reclamation
93,CHP,CHAGOOPA PLATEAU,KERN R,TULARE,-118.446716,36.497143,10300,CA Dept of Water Resources/Snow Surveys
94,CHS,CHESTER,FEATHER R,PLUMAS,-121.233,40.283,4525,US Forest Service
95,CHT,PAJARO RIVER AT CHITTENDEN,PAJARO R,SANTA CRUZ,-121.597725,36.90023,82,USGS and DWR
96,CHV,CHERRY VALLEY DAM,TUOLUMNE R,TUOLUMNE,-119.917,37.967,4765,Hetch Hetchy Water and Power
97,CKC,CITY CREEK RANGER STATION,SANTA ANA R,SAN BERNARDINO,-117.181,34.186,2610,.None Specified
98,CKR,COOK RANCH,CALAVERAS R,SAN JOAQUIN,-120.946,38.016,325,San Joaquin County
99,CLE,TRINITY LAKE,TRINITY R,TRINITY,-122.762,40.801,2370,US Bureau of Reclamation
100,CLF,COLFAX,AMERICAN R,PLACER,-120.951,39.122,2400,National Weather Service
101,CLG,COLGATE PH,YUBA R,YUBA,-121.183,39.333,600,Pacific Gas & Electric
102,CLH,CLEAR LK HIGHLANDS (OBS),SACTO VLY WEST,LAKE,-122.6,38.9,1340,National Weather Service
103,CLO,COVELO,EEL R,MENDOCINO,-123.08319099999999,39.826111,1487,CA Dept of Water Resources/Flood Management
104,CLR,CLEAR CREEK,SACTO VLY NE,SHASTA,-122.667,40.639,3300,US Bureau of Reclamation
105,CLV,RUSSIAN RIVER AT CLOVERDALE,RUSSIAN R,MENDOCINO,-123.05361200000002,38.879349,107,CA Dept of Water Resources/Flood Management
106,CMK,N FK CALAVERAS R NR MOKELUMNE HILL,CALAVERAS R,CALAVERAS,-120.6701,38.2819,920,US Geological Survey
107,CMV,CAMPTONVILLE RS (USFS),YUBA R,YUBA,-121.045,39.455,2503,US Forest Service
108,CNY,CANYON DAM,FEATHER R,PLUMAS,-121.083,40.167,4560,Pacific Gas & Electric
109,COY,COYOTE (LAKE MENDOCINO),RUSSIAN R,MENDOCINO,-123.186,39.197,720,US Army Corps of Engineers
110,CPS,CAMP SECO RAWS,CALAVERAS R,CALAVERAS,-120.866386,38.22361,399,US Bureau of Land Management
111,CPT,CAPLES (TWIN) LAKE,AMERICAN R,ALPINE,-120.033,38.7,8000,National Weather Service
112,CRI,CAHILL RIDGE,SAN MATEO CREEK,SAN MATEO,-122.374,37.5102,1044,San Francisco PUC
113,CRL,CHARLOTTE LAKE,KINGS R,FRESNO,-118.42601,36.77752,10400,CA Dept of Water Resources/Snow Surveys
114,CRR,CRANE VALLEY RESERVOIR (PG&E),SAN JOAQUIN R,MADERA,-119.526,37.291,3400,Pacific Gas & Electric
115,CRV,CRANE VALLEY PH,SAN JOAQUIN R,MADERA,-119.53,37.29,3400,Pacific Gas & Electric
116,CSC,CRYSTAL SPRINGS COTTAGE,SAN MATEO CREEK,SAN MATEO,-122.329,37.496,343,San Francisco PUC
117,CSH,CASHMAN,FEATHER R,PLUMAS,-120.916,40.0019,4520,National Park Service
118,CSL,CENT SIERRA SNOW LAB,YUBA R,NEVADA,-120.367,39.325,6900,Natural Resources Conservation Service
119,CSP,CHALK PLANT NR NEW SAN PEDRO,TUOLUMNE R,TUOLUMNE,-120.542367,37.808183,0,San Francisco County
120,CSU,CALIFORNIA STATE UNIV AT SACRAMENTO,AMERICAN R,SACRAMENTO,-121.416,38.555,25,National Weather Service
121,CTL,CRESTLINE,MOJAVE R,SAN BERNARDINO,-117.265,34.272,4650,.None Specified
122,CTN,COTTONWOOD CREEK NEAR BEEGUM,COTTONWOOD CR,TEHAMA,-122.881,40.317,3400,US Bureau of Reclamation
123,CVM,CHERRY VALLEY MET STATION,TUOLUMNE R,TUOLUMNE,-119.916,37.97466,4770,City and County of San Francisco PUC
124,CVS,CALAVERAS RANGER STATION,STANISLAUS R,CALAVERAS,-120.36755,38.19661,3360,US Bureau of Reclamation
125,CVT,CALAVERAS BIG TREES,STANISLAUS R,CALAVERAS,-120.317,38.283,4695,National Weather Service
126,CWD,COTTONWOOD LAKES,OWENS R,INYO,-118.177551,36.483826,10150,CA Dept of Water Resources/Snow Surveys
127,CYW,COUNTY LINE RAWS NR WILBUR SPRINGS,CACHE CR,COLUSA,-122.4119,39.0189,2085,US Bureau of Land Management
128,DAV,LAKE DAVIS (DWR),FEATHER R,PLUMAS,-120.467,39.883,5768,CA Dept of Water Resources/O&M Oroville Field Division
129,DBF,DUBLIN-SAN RAMON FIRE HOUSE,EAST BAY,CONTRA COSTA,-121.927,37.732,355,Contra Costa County
130,DCC,DRY CREEK NEAR COULTERVILLE,MERCED R,MARIPOSA,-120.312,37.654,728,Merced Irrigation District
131,DDL,DUDLEYS (MCDIARMID FIRE STATION),MERCED R,MARIPOSA,-120.09613999999999,37.720909999999996,3000,CA Dept of Water Resources/Flood Management
132,DDM,DEADMAN CREEK,STANISLAUS R,TUOLUMNE,-119.65411399999999,38.331596000000005,9250,CA Dept of Water Resources/Flood Management
133,DDW,DIDDY WELLS,SACTO VLY NE,SHASTA,-122.1,40.7,1300,US Bureau of Reclamation
134,DEC,DEER CREEK DAM,LYTLE CR,SAN BERNARDINO,-117.502,34.169,2320,.None Specified
135,DES,DE SABLA (DWR),BUTTE CR,BUTTE,-121.61,39.872,2710,CA Dept of Water Resources/Operations and Maintenance
136,DEV,DEVORE,LYTLE CR,SAN BERNARDINO,-117.40444199999999,34.221111,2070,CAL FIRE
137,DKY,DINKEY,KINGS R,FRESNO,-119.03943999999998,37.066390000000006,5668,US Forest Service
138,DLP,DIAMOND LN PRECIP NR GLENCOE,MOKELUMNE R,CALAVERAS,-120.61837,38.34315,2140,US Geological Survey
139,DMF,DRUM PH FOREBAY,YUBA R,PLACER,-120.75,39.25,4750,Pacific Gas & Electric
140,DNM,DUNSMUIR TREATMENT PLANT,SACRAMENTO R,SISKIYOU,-122.267,41.2,2170,National Weather Service
141,DNN,DONNER LAKE (DWR),TRUCKEE R,NEVADA,-120.25,39.333,5945,US Geological Survey
142,DNP,DON PEDRO RESERVOIR,TUOLUMNE R,TUOLUMNE,-120.421,37.702,830,USGS/USACE
143,DNV,DOWNIEVILLE,YUBA R,SIERRA,-120.8292,39.5586,2920,CA Dept of Water Resources/Flood Management
144,DOY,DOYLE CROSSING,FEATHER R,PLUMAS,-120.483,40.1192,5670,CA Dept of Water Resources/North Region Office
145,DPH,DRUM POWER HOUSE,BEAR R,PLACER,-120.767,39.264,3400,Pacific Gas & Electric
146,DPW,DON PEDRO RESERVOIR WEATHER,TUOLUMNE R,TUOLUMNE,-120.41771200000001,37.70028,830,Turlock Irrigation District
147,DRC,DEER CK FOREBAY (PG&E),YUBA R,NEVADA,-120.825,39.3,4455,Pacific Gas & Electric
148,DRF,SMITH RIVER AT DR FINE BRIDGE,SMITH R,DEL NORTE,-124.133,41.883,63,USGS and DWR
149,DSB,DE SABLA (PG&E),BUTTE CR,BUTTE,-121.617,39.867,2710,Pacific Gas & Electric
150,DSC,DESCANSO,SAN DIEGO R,SAN DIEGO,-116.622,32.857,3480,US Forest Service
151,DTV,DEATH VALLEY,AMARGOSA R,INYO,-116.867,36.467,-194,National Weather Service
152,DUC,DUDLEY RANCH BELOW COULTERVILLE,MERCED R,MARIPOSA,-120.133,37.741,3654,Merced Irrigation District
153,DVB,DANVILLE LIBRARY,SF BAY,CONTRA COSTA,-121.9956,37.8208,364,Contra Costa County
154,DVR,DAVIS RANCH,COTTONWOOD CR,TEHAMA,-122.45,40.35,550,US Bureau of Reclamation
155,DWV,DOWNIEVILLE,YUBA R,SIERRA,-120.8333,39.5667,2915,National Weather Service
156,DYC,DAY CANYON,LYTLE CR,SAN BERNARDINO,-117.537,34.168,2240,.None Specified
157,EDI,EL DORADO INTAKE,AMERICAN R,EL DORADO,-120.583,38.755,3900,Pacific Gas & Electric
158,EGL,EAGLE CREEK,TULE R,TULARE,-118.641,35.983,6700,US Army Corps of Engineers
159,EGN,COSUMNES RIVER AT EAGLES NEST ROAD,COSUMNES R,SACRAMENTO,-121.26,38.485,100,Sacramento County
160,ELG,ELK GROVE FISH HATCHERY,COSUMNES R,SACRAMENTO,-121.374,38.421,45,Sacramento County
161,ELH,EL RIO (RIO MESA HIGH SCHOOL),VENTURA R,VENTURA,-119.143,34.2523,0,Ventura County
162,ELK,ELK VALLEY,SMITH R,DEL NORTE,-123.718,41.988,1705,CA Dept of Water Resources/Flood Management
163,ENG,ENGLEBRIGHT (USACE),YUBA R,NEVADA,-121.267,39.239,551,US Army Corps of Engineers
164,EPH,ELECTRA PH,MOKELUMNE R,AMADOR,-120.667,38.333,720,Pacific Gas & Electric
165,EPK,EAST PARK RESERVOIR,STONY CR,COLUSA,-122.517,39.367,1205,US Bureau of Reclamation
166,EPW,EL PORTAL,MERCED R,MARIPOSA,-119.787917,37.675333,2073,National Park Service
167,ERK,EUREKA WOODLEY ISLAND,EEL R,HUMBOLDT,-124.167,40.8,20,National Weather Service
168,ERY,ELLERY LAKE,MONO LAKE,MONO,-119.232201,37.934967,9645,CA Dept of Water Resources/Snow Surveys
169,EWS,PLUMAS EUREKA ST PARK WEATHER STATION,FEATHER R,PLUMAS,-120.69611,39.75778,5107,CA Dept of Water Resources/Flood Management
170,EXC,NEW EXCHEQUER-LK MCCLURE,MERCED R,MARIPOSA,-120.27,37.585,879,Merced Irrigation District
171,FBS,FORBESTOWN,FEATHER R,BUTTE,-121.2661,39.517,2840,Pacific Gas & Electric
172,FCD,FLOOD CONTROL HQ - CONTRA COSTA CO,SAN JOAQUIN R,CONTRA COSTA,-122.085,37.988,160,Contra Costa County
173,FCH,FANCHER CREEK,KINGS R,FRESNO,-119.4658,36.8839,920,CAL FIRE
174,FDL,FIDDLETOWN,COSUMNES R,AMADOR,-120.7,38.533,2160,US Bureau of Reclamation
175,FEN,FENCE MEADOW,KINGS R,FRESNO,-119.175,36.961,5048,US Forest Service
176,FGC,FRIANT GOVERNMENT CAMP,SAN JOAQUIN R,FRESNO,-119.717,36.983,410,National Weather Service
177,FLD,FOLSOM DAM - FOLSOM POINT (DYKE 8),AMERICAN R,SACRAMENTO,-121.129723,38.693054,350,National Weather Service
178,FLR,FLORENCE LAKE (SCE),SAN JOAQUIN R,FRESNO,-118.967,37.267,7325,"Southern California Edison Company, Big Creek"
179,FLW,FLOWER MOUNTAIN,STANISLAUS R,TUOLUMNE,-120.6803,37.92,1480,US Army Corps of Engineers
180,FO2,FORT ORD #2,SALINAS R,MONTEREY,-121.786,36.627,490,US Army
181,FOL,FOLSOM LAKE,AMERICAN R,SACRAMENTO,-121.183,38.683,466,US Bureau of Reclamation
182,FOR,FOUR TREES,FEATHER R,PLUMAS,-121.32254099999999,39.812365,5150,CA Dept of Water Resources/O&M Oroville Field Division
183,FRD,FRENCHMAN DAM,FEATHER R,PLUMAS,-120.183,39.883,5517,CA Dept of Water Resources/O&M Oroville Field Division
184,FRH,FORESTHILL R S,AMERICAN R,PLACER,-120.85,39.017,3015,US Forest Service
185,FRM,FARMINGTON (SPILL ELEV 156.5 FT),LITTLEJOHN CR,SAN JOAQUIN,-120.935,37.915,180,US Army Corps of Engineers
186,FRN,FORNI RIDGE,AMERICAN R,EL DORADO,-120.213,38.805,7600,US Bureau of Reclamation
187,FRO,FRESNO WB AIRPORT,TULARE LAKE,FRESNO,-119.717,36.767,328,National Weather Service
188,FRT,FRIANT DAM,SAN JOAQUIN R,FRESNO,-119.692,36.995,578,US Bureau of Reclamation
189,FSW,EEL RIVER AT FORT SEWARD,EEL R,HUMBOLDT,-123.63253,40.218201,320,USGS and DWR
190,GAS,GASQUET RANGER STATION,SMITH R,DEL NORTE,-123.967,41.85,384,CA Dept of Water Resources/Flood Management
191,GBS,GIBSON MAINTENANCE STATION,SACRAMENTO R,SHASTA,-122.41,41.025,1650,National Weather Service
192,GGH,GREGORY HILL,DELTA,SOLANO,-122.06945,38.268051,188,Solano County Water Agency
193,GGT,GOLDEN GATE,SF BAY,SAN FRANCISCO,-122.474,37.81,0,National Weather Service
194,GIB,GIBSON,SACRAMENTO R,SHASTA,-122.3992,41.0225,1633,CA Dept of Water Resources/Flood Management
195,GIN,GIN FLAT,MERCED R,MARIPOSA,-119.773,37.767,7050,CA Dept of Water Resources/Snow Surveys
196,GKS,GREEK STORE,AMERICAN R,PLACER,-120.558,39.075,5600,US Bureau of Reclamation
197,GLH,GLEN HELEN REGIONAL PARK,LYTLE CR,SAN BERNARDINO,-117.405,34.209,2040,.None Specified
198,GLR,GILMORE RANCH,CALAVERAS R,SAN JOAQUIN,-120.987,38.045,220,San Joaquin County
199,GLV,GLENVILLE FS,KERN R,KERN,-118.7,35.717,3140,Kern County
200,GNF,GIANT FOREST (USACE),KAWEAH R,TULARE,-118.765,36.562,6650,US Army Corps of Engineers
201,GNL,GIANELLI MEADOW,STANISLAUS R,TUOLUMNE,-119.893188,38.204308000000005,8400,US Bureau of Reclamation
202,GNV,GREENVILLE RS,FEATHER R,PLUMAS,-120.933,40.133,3570,National Weather Service
203,GOL,GOLD LAKE,FEATHER R,SIERRA,-120.61717900000001,39.674783000000005,6750,CA Dept of Water Resources/Operations and Maintenance
204,GRC,GARCIA RIVER NEAR POINT ARENA,GARCIA RIVER,MENDOCINO,-123.60778,38.90361,80,US Geological Survey
205,GRD,GIRARD,SACRAMENTO R,SHASTA,-122.283,41.133,4800,US Bureau of Reclamation
206,GRE,GREENVILLE,FEATHER R,PLUMAS,-120.9412,40.1394,3560,CA Dept of Water Resources/Operations and Maintenance
207,GRG,GEORGETOWN RS (USFS),AMERICAN R,EL DORADO,-120.8,38.933,3001,US Forest Service
208,GRM,GREEN MOUNTAIN,SAN JOAQUIN R,MADERA,-119.238,37.555,7900,US Bureau of Reclamation
209,GRN,GREEN SPRINGS,TUOLUMNE R,TUOLUMNE,-120.5,37.833,1020,CAL FIRE
210,GRO,GRANT GROVE,KINGS R,TULARE,-118.967,36.733,6600,US National Forest
211,GRV,GRAVEYARD MEADOW,SAN JOAQUIN R,MADERA,-119.29,37.465,6900,US Bureau of Reclamation
212,GRZ,GRIZZLY RIDGE,FEATHER R,PLUMAS,-120.645,39.917,6900,CA Dept of Water Resources/Operations and Maintenance
213,GTM,GOAT MOUNTAIN,SAN JOAQUIN R,MADERA,-119.543,37.27,4520,US Bureau of Reclamation
214,GTW,GEORGETOWN (USBR),AMERICAN R,EL DORADO,-120.789,38.925,3250,US Bureau of Reclamation
215,HAT,HAT CK PH NO 1,HAT CR,SHASTA,-121.55,40.933,3020,Pacific Gas & Electric
216,HBP,HARVEY O BANKS PUMPING P (KA000331),DELTA,CONTRA COSTA,-121.620278,37.801944,4,CA Dept of Water Resources/Operations and Maintenance
217,HCK,HOCKETT MEADOW (USACE),KAWEAH R,TULARE,-118.651,36.371,8500,US Army Corps of Engineers
218,HDL,HOADLEY,TRINITY R,SHASTA,-122.75,40.683,4580,US Bureau of Reclamation
219,HDZ,HERNANDEZ,SAN BENITO R,SAN BENITO,-120.854,36.383,3752,CAL FIRE
220,HEM,HETCH HETCHY MET STATION,TUOLUMNE R,TUOLUMNE,-119.78315,37.944934,3920,City of San Francisco
221,HHM,HIGHLAND MEADOW,MOKELUMNE R,ALPINE,-119.805748,38.487312,8700,CA Dept of Water Resources/Snow Surveys
222,HID,HIDDEN DAM (HENSLEY),FRESNO R,MADERA,-119.917,37.2,561,US Army Corps of Engineers
223,HIG,HIGHLAND LAKES,TRINITY R,TRINITY,-122.483,41.093,6030,US Bureau of Reclamation
224,HKY,HAWKEYE,RUSSIAN R,SONOMA,-122.84,38.727,2000,CAL FIRE
225,HLC,HILLCREST,PIT R,SHASTA,-121.883,40.867,3440,US Bureau of Reclamation
226,HLD,HIGHLAND PEAK,DELTA,CONTRA COSTA,-121.8084,37.8145,2520,Contra Costa County
227,HLH,HELL HOLE (USFS),AMERICAN R,PLACER,-120.4217,39.0717,4580,US Forest Service
228,HMB,HUMBUG,FEATHER R,PLUMAS,-121.368,40.115,6500,CA Dept of Water Resources/Operations and Maintenance
229,HNT,HUNTINGTON LAKE (USBR),SAN JOAQUIN R,FRESNO,-119.221,37.228,7000,US Bureau of Reclamation
230,HNY,HONEYDEW,MATTOLE R,HUMBOLDT,-124.148,40.23,370,CA Dept of Water Resources/Flood Management
231,HPA,TRINITY RIVER AT HOOPA,TRINITY R,HUMBOLDT,-123.67366799999999,41.04985,330,USGS and DWR
232,HRF,HARKNESS FLAT,FEATHER R,LASSEN,-121.275,40.418,6200,"Pacific Gas and Electric Company, Rogers Flat"
233,HRR,HARRISON GULCH RS,SACTO VLY WEST,SHASTA,-122.967,40.367,2750,US Forest Service
234,HRZ,HIRZ,SACRAMENTO R,SHASTA,-122.25,40.9,3200,US Bureau of Reclamation
235,HSS,HOSSACK,TULE R,TULARE,-118.619,36.181,7100,US Army Corps of Engineers
236,HTC,HAT CREEK #1 PH (PG&E),PIT R,LASSEN,-121.55,40.933,3015,Pacific Gas & Electric
237,HTG,HASTINGS,CARMEL R,MONTEREY,-121.551,36.388,1824,CAL FIRE
238,HTH,HETCH HETCHY,TUOLUMNE R,TUOLUMNE,-119.783,37.95,3870,Hetch Hetchy Water and Power
239,HTN,HUNTINGTON LAKE (PG&E) (OBSERVER),SAN JOAQUIN R,FRESNO,-119.225,37.225,7000,Pacific Gas & Electric
240,HYS,HUYSINK,AMERICAN R,PLACER,-120.527,39.282,6600,US Bureau of Reclamation
241,INP,INDEPENDENCE LAKE NEAR TRUCKEE,TRUCKEE R,SIERRA,-120.29,39.452,6921,US Geological Survey
242,INV,INDIAN VALLEY,CACHE CR,LAKE,-122.533,39.083,1502,Yolo County Flood Control and Water Consv Dist
243,ISB,ISABELLA DAM,KERN R,KERN,-118.473,35.646,2635,US Army Corps of Engineers
244,JAR,JARBO GAP,FEATHER R,BUTTE,-121.489,39.736,2700,CAL FIRE
245,JNR,JOHNSON RANCH,EAST BAY,ALAMEDA,-121.604,37.6667,2042,San Joaquin County
246,JUL,JULIAN,SAN DIEGO R,SAN DIEGO,-116.591,33.076,4240,CAL FIRE
247,KCP,KERN CANYON PH (OBSERVER),KERN R,KERN,-118.441,35.441,702,Pacific Gas & Electric
248,KET,KETTENPOM,EEL R,TRINITY,-123.467,40.15,3468,CA Dept of Water Resources/Flood Management
249,KLR,KILARC PH,SACTO VLY NE,SHASTA,-121.867,40.683,2650,Pacific Gas & Electric
250,KP3,KERN PH 3,KERN R,KERN,-118.436058,35.775902,2703,"Southern California Edison Company, Big Creek"
251,KPH,KERN CANYON PH (PG&E),KERN R,KERN,-118.783,35.433,570,Pacific Gas & Electric
252,KPI,KERN POWER HOUSE INTAKE,KERN R,KERN,-118.47686000000002,35.9458,3654,Southern California Edison Company
253,KR1,KERN PH 1,KERN R,KERN,-118.77,35.46,1000,"Southern California Edison Company, Big Creek"
254,KR3,KERN R INTAKE NO. 3,KERN R,KERN,-118.48,35.95,3650,"Southern California Edison Company, Big Creek"
255,KSP,KAISER POINT,SAN JOAQUIN R,FRESNO,-119.1,37.3,9200,US Bureau of Reclamation
256,KTI,KNOCTI RAWS (MT. KONOCTI),CACHE CR,LAKE,-122.7063,38.9118,2163,CAL FIRE
257,KTL,KETTLE ROCK,FEATHER R,PLUMAS,-120.715,40.14,7300,CA Dept of Water Resources/Operations and Maintenance
258,KTT,KETTLEMAN HILLS,TULARE LAKE,KINGS,-120.057,36.033,810,US Bureau of Land Management
259,LAP,LA PORTE (DWR),FEATHER R,PLUMAS,-120.983,39.681,4980,CA Dept of Water Resources/Operations and Maintenance
260,LBR,LIBERTY ROAD,PETALUMA R,SONOMA,-122.7,38.283,100,City of Petaluma
261,LC1,LAKE CTY RAWS1 (COBB MT),CACHE CR,LAKE,-122.7405,38.8064,4725,Lake County
262,LCN,LINCOLN,AMERICAN R,PLACER,-121.272,38.882,200,CAL FIRE
263,LCS,LOWER CRYSTAL SPRINGS,SAN MATEO CREEK,SAN MATEO,-122.363,37.5325,424,San Francisco PUC
264,LCU,LAKE CURRY,DELTA,NAPA,-122.12554899999999,38.357784,391,Solano County Water Agency
265,LDG,LODGEPOLE,KAWEAH R,TULARE,-118.733,36.6,6735,Sequoia and Kings Canyon National Parks
266,LEG,SOUTH FORK EEL RIVER AT LEGGETT,EEL R,MENDOCINO,-123.72058100000001,39.874596000000004,747,USGS and DWR
267,LEW,LEWISTON,TRINITY R,TRINITY,-122.793,40.727,1870,US Bureau of Reclamation
268,LFH,LEWISTON FISH HATCHERY,TRINITY R,TRINITY,-122.793,40.727,1870,US Bureau of Reclamation
269,LGS,LOG SPRING,SACTO VLY NE,TEHAMA,-122.783,39.833,5100,US Army Corps of Engineers
270,LIC,LICHAU CREEK,PETALUMA R,SONOMA,-122.633,38.317,600,City of Petaluma
271,LKS,LAKESHORE,SACRAMENTO R,SHASTA,-122.383,40.867,1100,US Bureau of Reclamation
272,LON,LOON LAKE (SMUD),AMERICAN R,EL DORADO,-120.323,38.983,6410,Sacramento Municipal Utility District
273,LSP,LAKE SPAULDING (PG&E),YUBA R,NEVADA,-120.633,39.317,5156,Pacific Gas & Electric
274,LVO,LIVE OAK CANYON - LIVE OAK DAM,LOS ANGELES R,LOS ANGELES,-117.744,34.134,1510,Los Angeles County
275,LVT,LEAVITT LAKE,WALKER R,MONO,-119.621,38.282,9600,Natural Resources Conservation Service
276,LYC,LYTLE CREEK,SANTA ANA R,SAN BERNARDINO,-117.48,34.234,2792,US Forest Service
277,MAP,MAPEL RANCH,JACALITOS CR,FRESNO,-120.483,36.039,2640,CA Dept of Water Resources/Operations and Maintenance
278,MAR,MARIPOSA CREEK DAM,MERCED R,MARIPOSA,-120.147,37.292,459,US Army Corps of Engineers
279,MB3,MIDDLE BOULDER 3,SCOTT R,SISKIYOU,-122.811,41.225,6200,US Bureau of Reclamation
280,MBB,MERCED RIVER NEAR BRICEBURG,MERCED R,MARIPOSA,-119.9781,37.5989,1150,Merced Irrigation District
281,MBR,MEADOWBROOK (PG&E),KINGS R,FRESNO,-118.863,37.082,8021,Pacific Gas & Electric
282,MCE,MERCED (CIMIS 148),MERCED R,MERCED,-120.386389,37.313611,200,CA Dept of Water Resources/South Central Region Office
283,MCL,MCCLOUD DAM (PG&E),MC CLOUD R,SHASTA,-122.071,41.13,2690,Pacific Gas & Electric
284,MCM,MORRISON CREEK AT MACK ROAD,SACRAMENTO R,SACRAMENTO,-121.458,38.478,13,Sacramento Dept of Public Works
285,MCN,MOCCASIN,TUOLUMNE R,TUOLUMNE,-120.299006,37.810184,938,Hetch Hetchy Water and Power
286,MDL,MUD LAKE,MOKELUMNE R,AMADOR,-120.14,38.615,7900,Sacramento Municipal Utility District
287,MDZ,MENDEZ RANCH,CALAVERAS R,STANISLAUS,-120.924,38.062,322,San Joaquin County
288,MED,MEDICINE LAKE,PIT R,SISKIYOU,-121.6131,41.5869,6700,US Bureau of Reclamation
289,MGN,MAGOON,FRESNO R,MARIPOSA,-119.8125,37.4894,3150,US Army Corps of Engineers
290,MHH,MOCCASIN MET STATION,TUOLUMNE R,TUOLUMNE,-120.296861,37.810151,930,San Francisco PUC
291,MHP,MAMMOTH PASS (USBR),OWENS R,MONO,-119.03175,37.6124,9300,US Bureau of Reclamation
292,MIL,FRIANT DAM (MILLERTON),SAN JOAQUIN R,FRESNO,-119.705,37.001,581,US Bureau of Reclamation
293,MIN,MINERAL,SACTO VLY NE,TEHAMA,-121.609,40.348,4957,CA Dept of Water Resources/Flood Management
294,MLD,MCCLOUD,MC CLOUD R,SHASTA,-122.133,41.25,3280,US Bureau of Reclamation
295,MNH,MOUNTAIN HOME,TULE R,TULARE,-118.71,36.242,5400,US Army Corps of Engineers
296,MNR,MINERAL (OBSERVER),SACTO VLY NE,TEHAMA,-121.6,40.35,4875,National Weather Service
297,MPG,MARIPOSA GROVE,MERCED R,MARIPOSA,-119.6,37.5,6400,CAL FIRE
298,MRD,EEL RIVER SF NR MIRANDA (AT SYLVANDALE),EEL R,HUMBOLDT,-123.776146,40.181808000000004,218,USGS and DWR
299,MRN,MORMON ROCK,LYTLE CR,SAN BERNARDINO,-117.502,34.317,3300,US Forest Service
300,MRP,MARIPOSA RANGER STATION,MERCED R,MARIPOSA,-119.986946,37.504166,2250,CAL FIRE
301,MRT,MARTIS CREEK RESERVOIR,TRUCKEE R,NEVADA,-120.113,39.327,5745,US Army Corps of Engineers
302,MSA,MURRAY CK NR SAN ANDREAS,MOKELUMNE R,CALAVERAS,-120.6751,38.2116,880,US Geological Survey
303,MSC,MOUNT SHASTA CITY,SACRAMENTO R,SISKIYOU,-122.317,41.317,3590,National Weather Service
304,MTF,MOUNTAIN REST,SAN JOAQUIN R,FRESNO,-119.371,37.054,4100,US Forest Service
305,MTS,MOUNT SHASTA,SACRAMENTO R,SISKIYOU,-122.316,41.313,3545,CA Dept of Water Resources/Flood Management
306,MTY,MONTEREY AIRPORT,CARMEL R,MONTEREY,-121.847504,36.590557000000004,217,National Weather Service
307,MUD,MUD SPRINGS,TRINITY R,TRINITY,-123.283,40.717,3400,CA Dept of Water Resources/Flood Management
308,MUM,MUMBO BASIN,TRINITY R,TRINITY,-122.523,41.197,5650,US Bureau of Reclamation
309,MVA,MT VACA,ULATIS CR,SOLANO,-122.09861799999999,38.395,2611,Solano County Water Agency
310,MVD,MUCK VALLEY DIVERSION (PG&E),PIT R,SHASTA,-121.155,41.015,4300,Pacific Gas & Electric
311,NCS,NEWCASTLE-PINEVIEW SCHOOL,AMERICAN R,PLACER,-121.135,38.874,890,City of Roseville
312,NFR,NORTH FORK R S,SAN JOAQUIN R,MADERA,-119.5,37.233,2630,US Forest Service
313,NHG,NEW HOGAN LAKE,CALAVERAS R,CALAVERAS,-120.812,38.152,554,US Army Corps of Engineers
314,NHW,NEW HOGAN WEATHER,CALAVERAS R,CALAVERAS,-120.8156,38.1508,554,US Army Corps of Engineers
315,NLS,NOEL SPRING,STONY CR,GLENN,-122.667,39.538,5100,US Army Corps of Engineers
316,NML,NEW MELONES RESERVOIR,STANISLAUS R,CALAVERAS,-120.525,37.9481,1135,US Bureau of Reclamation
317,NMS,NEW MELONES,STANISLAUS R,CALAVERAS,-120.525,37.948,1400,US Bureau of Reclamation
318,NSN,NORTH SAN ANDREAS,SAN MATEO CREEK,SAN MATEO,-122.443,37.612,617,San Francisco PUC
319,NTP,NATURE POINT,SAN JOAQUIN R,MADERA,-119.36,37.342,5150,US Bureau of Reclamation
320,NVD,NEVADA CITY,YUBA R,NEVADA,-121.001,39.25,2781,Nevada County
321,ODA,ORINDA FIRE STATION 43,EAST BAY,CONTRA COSTA,-122.170402,37.899588,700,Contra Costa County
322,ODL,OAKDALE (CIMIS 194),SAN JOAQUIN R,STANISLAUS,-120.85086000000001,37.727194,165,CA Dept of Water Resources/South Central Region Office
323,OGC,ORANGE COVE (CIMIS 142),KINGS R,FRESNO,-119.38903,36.721083,450,CA Dept of Water Resources/South Central Region Office
324,OGO,OGO RANGER STATION,COTTONWOOD CR,SHASTA,-122.737,40.423,1300,CA Dept of Water Resources/Flood Management
325,OHD,OUR HOUSE DAM,YUBA R,YUBA,-120.9964,39.412,1960,CA Dept of Water Resources/Flood Management
326,OJA,OJAI,SAN ANTONIO CR (SOUTH COAST),VENTURA,-119.23,34.448,765,Ventura County
327,OKG,OAK GROVE,SANTA MARGARITA R,SAN DIEGO,-116.795,33.393,2752,US Forest Service
328,OKH,OAKHURST,FRESNO R,MADERA,-119.6758,37.3447,2360,US Army Corps of Engineers
329,OKN,O'KANE (BLUE LAKE),REDWOOD CR,HUMBOLDT,-123.81533799999998,40.905964000000004,850,USGS and DWR
330,OLS,KLAMATH RIVER AT ORLEANS,KLAMATH R,HUMBOLDT,-123.5345,41.303459000000004,430,USGS and DWR
331,OPS,OPENSHAW,COTTONWOOD CR,BUTTE,-121.63516100000001,39.589833,268,CAL FIRE
332,ORK,REDWOOD CREEK AT ORICK,REDWOOD CR,HUMBOLDT,-124.05118600000002,41.29929,36,USGS and DWR
333,ORO,OROVILLE DAM,FEATHER R,BUTTE,-121.493,39.54,900,CA Dept of Water Resources/O&M Oroville Field Division
334,OSO,OAKLAND SOUTH,EAST BAY,ALAMEDA,-122.1436,37.7881,1000,Oakland Fire Services Agency
335,OWN,OWENS CREEK DAM,MERCED R,MARIPOSA,-120.187,37.282,424,US Army Corps of Engineers
336,PAR,PARDEE,MOKELUMNE R,CALAVERAS,-120.85,38.25,568,East Bay Municipal Utility District
337,PAS,SALINAS RIVER AT PASO ROBLES,SALINAS R,SAN LUIS OBISPO,-120.684334,35.628582,700,USGS and DWR
338,PBM,PUTAH CK BLW DRY CK AT MIDDLETOWN,PUTAH CR,LAKE,-122.6153,38.76,1080,US Geological Survey
339,PCF,PACIFIC HOUSE (OBSERVER),AMERICAN R,EL DORADO,-120.5,38.765,3400,National Weather Service
340,PCK,PECKINPAH,SAN JOAQUIN R,MADERA,-119.458,37.25,5150,US Bureau of Reclamation
341,PCR,PINECREST (PG&E),STANISLAUS R,TUOLUMNE,-119.983,38.2,5600,Pacific Gas & Electric
342,PCV,PLACERVILLE,AMERICAN R,EL DORADO,-120.82,38.7,1850,National Weather Service
343,PDD,WALNUT CREEK AT PUDDINGSTONE DAM,SAN GABRIEL R,LOS ANGELES,-117.807,34.092,1030,.None Specified
344,PDE,PARADISE,FEATHER R,BUTTE,-121.6247,39.7536,1750,CA Dept of Water Resources/O&M Oroville Field Division
345,PDO,PUTAH DIVERSION OFFICE (PDO),PUTAH CR,SOLANO,-122.00351699999999,38.492016,175,Solano County Water Agency
346,PET,PETERSON FLAT,TRINITY R,TRINITY,-122.5277,41.3023,7150,US Bureau of Reclamation
347,PFH,PACIFIC HOUSE,AMERICAN R,EL DORADO,-120.5,38.76,3440,US Bureau of Reclamation
348,PFW,PINE FLAT WEATHER,KINGS R,FRESNO,-119.3369,36.8236,610,US Army Corps of Engineers
349,PIN,PINE GROVE,MOKELUMNE R,AMADOR,-120.633,38.4,2440,CA Dept of Water Resources/Flood Management
350,PIU,PIRU,SANTA CLARA R,VENTURA,-118.81,34.404,624,Ventura County
351,PKC,PIKE COUNTY,YUBA R,YUBA,-121.202,39.475,3714,US Forest Service
352,PKF,PARKFIELD,SALINAS R,MONTEREY,-120.432,35.899,1535,CAL FIRE
353,PLD,PILARCITOS DAM,SAN MATEO CREEK,SAN MATEO,-122.422,37.548,700,San Francisco PUC
354,PLM,PALM SPRINGS AIRPORT,WHITEWATER R,RIVERSIDE,-116.50360900000001,33.822224,474,National Weather Service
355,PLP,PILOT PEAK (DWR),FEATHER R,PLUMAS,-120.87777700000001,39.785892,6800,CA Dept of Water Resources/Operations and Maintenance
356,PNC,PINECREST-STRAWBERRY,STANISLAUS R,TUOLUMNE,-119.984,38.2,5620,Pacific Gas & Electric
357,PNF,PINE FLAT DAM,KINGS R,FRESNO,-119.325,36.833,970,US Army Corps of Engineers
358,PNT,PINEHURST,KINGS R,FRESNO,-119.0,36.68528,4060,US Forest Service
359,PR1,PIT #1 PH (PG&E),PIT R,SHASTA,-121.498,41.0,2880,Pacific Gas & Electric
360,PR3,PIT #3 PH (PG&E),PIT R,SHASTA,-121.747,40.998,2100,Pacific Gas & Electric
361,PR5,PIT #5 PH (PG&E),PIT R,LASSEN,-121.978,40.987,1458,Pacific Gas & Electric
362,PRD,PARADISE FIRE STATION,BUTTE CR,BUTTE,-121.617,39.75,1750,National Weather Service
363,PRR,PERRIS,SAN JACINTO R,RIVERSIDE,-117.183,33.858,1600,CA Dept of Water Resources/O&M Southern Field Division
364,PRT,PORTOLA,FEATHER R,PLUMAS,-120.467,39.8,4850,National Weather Service
365,PRY,PERRY RANCH,CALAVERAS R,CALAVERAS,-120.922,38.149,315,US Army Corps of Engineers
366,PSB,PASO ROBLES AIRPORT,SALINAS R,SAN LUIS OBISPO,-120.62611399999999,35.673054,836,National Weather Service
367,PSC,PASCOES,KERN R,TULARE,-118.35,35.967,9150,US Army Corps of Engineers
368,PSR,POISON RIDGE,SAN JOAQUIN R,MADERA,-119.52,37.403,6900,US Bureau of Reclamation
369,PT1,PIT R PH #1,PIT R,SHASTA,-121.5,41.0,2880,Pacific Gas & Electric
370,PT5,PIT R PH #5,PIT R,SHASTA,-121.983,40.983,1460,Pacific Gas & Electric
371,PTR,POINT REYES,COAST-MARIN,MARIN,-122.95,38.083,80,National Weather Service
372,PTV,POTTER VALLEY,RUSSIAN R,MENDOCINO,-123.1272,39.3644,1080,US Army Corps of Engineers
373,PUD,SAN DIMAS CK AT PUDDINGSTON DIVERSN,SAN GABRIEL R,LOS ANGELES,-117.782,34.121,1130,.None Specified
374,PVL,PRATTVILLE (PG&E),FEATHER R,PLUMAS,-121.157,40.209,4520,Pacific Gas & Electric
375,PVP,POTTER VALLEY PH,RUSSIAN R,MENDOCINO,-123.133,39.367,1020,Pacific Gas & Electric
376,PWS,PLACERVILLE WEATHER STATION,AMERICAN R,EL DORADO,-120.8243,38.69543,1858,CA Dept of Water Resources/Flood Management
377,QCY,QUINCY (DWR),FEATHER R,PLUMAS,-120.95,39.935,3408,CA Dept of Water Resources/Operations and Maintenance
378,QNC,QUINCY RS (USFS),FEATHER R,PLUMAS,-120.95,39.96,3420,US Forest Service
379,QRD,QUINCY RADIO STATION,FEATHER R,PLUMAS,-120.9475,39.9366,3420,National Weather Service
380,QUA,QUAKING ASPEN,TULE R,TULARE,-118.53998999999999,36.117509999999996,7200,CA Dept of Water Resources/Snow Surveys
381,RBR,ROBIDART RANCH,CALAVERAS R,SAN JOAQUIN,-121.031,38.137,315,San Joaquin County
382,RDD,REDDING AIRPORT,SACTO VLY NE,SHASTA,-122.3,40.5,502,.None Specified
383,RDH,READER RANCH,YUBA R,NEVADA,-121.117,39.304,2025,CAL FIRE
384,RDO,RODEO VALLEY,EEL R,MENDOCINO,-123.32,39.667,2425,CAL FIRE
385,RFS,REDDING FIRE STATION,SACTO VLY NE,SHASTA,-122.4193,40.5736,740,US Bureau of Reclamation
386,RGC,ROGERS CAMP,TULE R,TULARE,-118.637,36.108,6200,US Army Corps of Engineers
387,RHL,RICHMOND CITY HALL,SF BAY,CONTRA COSTA,-122.3427,37.9369,55,Contra Costa County
388,RNC,RANCHO CORDOVA,AMERICAN R,SACRAMENTO,-121.312444,38.602556,72,Sacramento County
389,ROV,ROSE VALLEY,U SANTA CLARA R,VENTURA,-119.184,34.536,3331,CAL FIRE
390,RRF,RAILROAD FLAT,CALAVERAS R,CALAVERAS,-120.543,38.314,2720,US Army Corps of Engineers
391,RRG,RODDY RANCH GOLF CLUB,EAST BAY,CONTRA COSTA,-121.7858,37.9236,403,Contra Costa County
392,RTD,RUTH  DAM,MAD R,TRINITY,-123.433,40.367,2675,Humboldt Bay Muncipal Water District
393,RTH,RUTH LAKE,MAD R,HUMBOLDT,-123.372,40.319,2700,CA Dept of Water Resources/Flood Management
394,RTL,RATTLESNAKE,FEATHER R,PLUMAS,-121.043,40.125,6100,CA Dept of Water Resources/Operations and Maintenance
395,RVE,RIVERSIDE AIRPORT,SANTA ANA R,RIVERSIDE,-117.44416799999999,33.951946,827,National Weather Service
396,SAD,SADDLE CAMP,COTTONWOOD CR,TEHAMA,-122.8,40.167,3850,CA Dept of Water Resources/Flood Management
397,SAE,SACRAMENTO EXECUTIVE AIRPORT,SACRAMENTO R,SACRAMENTO,-121.495003,38.506943,21,National Weather Service
398,SAF,SANTA FE,SAN GABRIEL R,LOS ANGELES,-117.9464,34.1261,500,Los Angeles County Fire Dept
399,SAV,SHAVER,SAN JOAQUIN R,FRESNO,-119.25611,37.135,5746,CAL FIRE
400,SBG,SHASTA R BLW CTY RD A-12 NR GRENADA,SHASTA R,SISKIYOU,-122.49916999999999,41.64907,2490,CA Dept of Water Resources/North Region Office
401,SBY,STRAWBERRY VALLEY,FEATHER R,YUBA,-121.106,39.564,3810,CA Dept of Water Resources/Operations and Maintenance
402,SCC,SUCCESS DAM,TULE R,TULARE,-118.922,36.061,692,US Army Corps of Engineers
403,SCD,SCOTT DAM,EEL R,LAKE,-122.9586,39.4083,1807,Pacific Gas & Electric
404,SCH,SCHULTIES RD,SAN LORENZO R,SANTA CRUZ,-121.969,37.133,1400,Santa Cruz County
405,SCR,SACRAMENTO WB CITY,SACTO VLY WEST,SACRAMENTO,-121.5,38.583,25,National Weather Service
406,SCT,SCOTT MOUNTAIN,SCOTT R,SISKIYOU,-122.718,41.272,5900,US Bureau of Reclamation
407,SCY,SAN BERNARDINO COUNTY YARD,SANTA ANA R,SAN BERNARDINO,-117.268,34.104,1042,.None Specified
408,SDF,SAND FLAT,SACRAMENTO R,SISKIYOU,-122.2464,41.3504,6750,US Bureau of Reclamation
409,SDG,SAN DIEGO NWS-LINDBERGH FIELD,SAN DIEGO R,SAN DIEGO,-117.167,32.733,13,National Weather Service
410,SDR,SAN ANDREAS,CALAVERAS R,CALAVERAS,-120.68,38.2,54,National Weather Service
411,SEW,SMITH PEAK RAWS,TUOLUMNE R,TUOLUMNE,-120.1008,37.8005,3871,US Forest Service
412,SEY,SOUTH ENTRANCE YOSEMITE,MERCED R,MARIPOSA,-119.633,37.5,5120,National Weather Service
413,SFB,SPRING GAP FOREBAY (PG&E),STANISLAUS R,CALAVERAS,-120.103,38.172,5100,Pacific Gas & Electric
414,SFN,SAN FRANCISCO,SF BAY,SAN FRANCISCO,-122.42694099999999,37.770557000000004,150,National Weather Service
415,SFS,STOCKTON FIRE STATION,SAN JOAQUIN R,SAN JOAQUIN,-121.319,37.999,14,CA Dept of Water Resources
416,SGF,SPRING GAP FOREBAY,STANISLAUS R,TUOLUMNE,-120.103,38.172,5100,Pacific Gas & Electric
417,SGL,SUGARLOAF,KINGS R,TULARE,-118.675,36.726667,8120,National Park Service
418,SGP,SUGAR PINE,AMERICAN R,PLACER,-120.75,39.128,3843,US Bureau of Reclamation
419,SGV,SPRINGVILLE TULE POWERPLANT,TULE R,TULARE,-118.7072,36.1631,4070,Pacific Gas & Electric
420,SH4,ST. HELENA 4WSW,NAPA R,NAPA,-122.539722,38.493056,1729,CA Dept of Water Resources/Flood Management
421,SHA,SHASTA DAM  (USBR),SACRAMENTO R,SHASTA,-122.42,40.718,1067,US Bureau of Reclamation
422,SHI,SHINGLETOWN,SACTO VLY NE,SHASTA,-121.85,40.496,3630,CA Dept of Water Resources/Flood Management
423,SHK,SOUTH FORK MOUNTAIN,SACRAMENTO R,SHASTA,-122.525,40.657,3450,US Bureau of Reclamation
424,SHO,SHASTA DAM (OBS),SACRAMENTO R,SHASTA,-122.417,40.717,1075,US Bureau of Reclamation
425,SHR,SHEEP RANCH,CALAVERAS R,CALAVERAS,-120.462,38.21,2370,US Army Corps of Engineers
426,SHS,SHASTA DAM (USBR),SACRAMENTO R,SHASTA,-122.417,40.717,1100,US Bureau of Reclamation
427,SIL,SILVER LAKE,AMERICAN R,EL DORADO,-120.118,38.678,7100,US Bureau of Reclamation
428,SJE,SAN JOSE (ALERT),LOS GATOS CR (NEAR SAN JOSE),SANTA CLARA,-121.927,37.362,58,Santa Clara County
429,SLE,SAN LEANDRO BAY,SF BAY,ALAMEDA,-122.217,37.7,10,Alameda County
430,SLH,SOUTH LAKE TAHOE AIRPORT,TRUCKEE R,EL DORADO,-119.99472,38.898334999999996,6314,National Weather Service
431,SLM,STANISLAUS MEADOW,STANISLAUS R,ALPINE,-119.9373,38.5055,7750,US Bureau of Reclamation
432,SLP,SLY PARK,COSUMNES R,EL DORADO,-120.563,38.718,3530,US Bureau of Reclamation
433,SLT,SLATE CREEK,SACRAMENTO R,SHASTA,-122.478,41.045,5700,US Bureau of Reclamation
434,SMB,SANTA MARGARITA BOOSTER,SALINAS R,SAN LUIS OBISPO,-120.637,35.374,1100,CA Dept of Water Resources/Flood Management
435,SMF,SACRAMENTO INTERNATIONAL AIRPORT,SACTO VLY WEST,SACRAMENTO,-121.587,38.686,17,Sacramento County
436,SMI,SMITH MOUNTAIN,SALINAS R,MONTEREY,-120.608,36.083,3920,CA Dept of Water Resources/Operations and Maintenance
437,SMV,SIMI VALLEY,SANTA CLARA R,VENTURA,-118.7976,34.2912,914,Ventura County
438,SND,SAN DIMAS DAM,SAN GABRIEL R,LOS ANGELES,-117.771,34.153,1350,.None Specified
439,SNG,SANDBERG,MOJAVE DESERT,LOS ANGELES,-118.724167,34.74361,4510,National Weather Service
440,SNM,SNOW MOUNTAIN,PIT R,SHASTA,-121.782,40.778,5950,US Bureau of Reclamation
441,SNO,SONOMA COUNTY AIRPORT (SANTA ROSA),RUSSIAN R,SONOMA,-122.81028,38.503887,114,National Weather Service
442,SNR,SANGUINETTI RANCH,SAN JOAQUIN R,SAN JOAQUIN,-120.981,37.993,238,San Joaquin County
443,SNV,SAN ANTONIO RESERVOIR NEAR SUNOL,ALAMEDA CR,ALAMEDA,-121.845818,37.577227,498,San Francisco PUC
444,SOC,STOCKTON AIRPORT,LITTLEJOHN CR,SAN JOAQUIN,-121.22638700000002,37.889998999999996,27,National Weather Service
445,SOR,SONORA RS,TUOLUMNE R,TUOLUMNE,-120.383,37.983,1749,Tuolumne Utility District
446,SPA,SPANISH LAKE,LOS GATOS CR (NEAR COALINGA),FRESNO,-120.526,36.262,4840,CA Dept of Water Resources/Operations and Maintenance
447,SPN,LAKE SPAULDING (PRECIP),YUBA R,NEVADA,-120.633,39.317,5160,Pacific Gas & Electric
448,SPO,SACRAMENTO POST OFFICE,SACTO VLY WEST,SACRAMENTO,-121.5,38.583,25,National Weather Service
449,SPS,SONORA PASS BRIDGE,WALKER R,MONO,-119.601,38.318,8750,Natural Resources Conservation Service
450,SPV,SPRINGVILLE TULE,TULE R,TULARE,-118.65,36.2,4070,National Weather Service
451,SPW,STANISLAUS POWERHOUSE,STANISLAUS R,CALAVERAS,-120.367,38.133,1060,Pacific Gas & Electric
452,SRC,SIERRA CITY,YUBA R,SIERRA,-120.6528,39.5678,4700,CA Dept of Water Resources/Flood Management
453,SRI,SANTA RITA,SAN BENITO R,SAN BENITO,-120.598,36.348,5000,CAL FIRE
454,SRR,SIERRAVILLE RS (USFS),FEATHER R,SIERRA,-120.367,39.583,4975,US Forest Service
455,SSN,SUSANVILLE,SUSAN R,LASSEN,-120.567,40.367,4148,CAL FIRE
456,SSR,SALT SPRINGS PH (PG&E),MOKELUMNE R,CALAVERAS,-120.219,38.498,3700,Pacific Gas & Electric
457,STA,SANTA ROSA (CDF),RUSSIAN R,SONOMA,-122.712,38.479,560,CAL FIRE
458,STG,STONY GORGE RESERVOIR,STONY CR,GLENN,-122.533,39.583,800,US Bureau of Reclamation
459,STM,STOUTS MEADOW,MC CLOUD R,SHASTA,-121.938,41.17,5400,US Bureau of Reclamation
460,STN,STANISLAUS PH (OBSERVER),TUOLUMNE R,TUOLUMNE,-120.369,38.14,1135,Pacific Gas & Electric
461,STR,OSTRANDER LAKE,MERCED R,MARIPOSA,-119.55,37.637,8200,CA Dept of Water Resources/Snow Surveys
462,STS,SALT SPRINGS PH (OBSERVER),MOKELUMNE R,AMADOR,-120.217,38.5,3700,Pacific Gas & Electric
463,STV,STRAWBERRY VALLEY,FEATHER R,YUBA,-121.1,39.567,3808,National Weather Service
464,SVL,SIERRAVILLE (DWR),FEATHER R,SIERRA,-120.367,39.583,4975,CA Dept of Water Resources/O&M Oroville Field Division
465,SYP,SWEENEY CREEK,ULATIS CR,SOLANO,-121.95388,38.445549,121,Solano County Water Agency
466,TAC,TAHOE CITY (NWS),LAKE TAHOE,PLACER,-120.133,39.167,6230,National Weather Service
467,TAL,TALEGA,SANTA MARGARITA R,SAN DIEGO,-117.487,33.475,1203,Camp Pendleton Fire Dept
468,TAY,NELSON ST TAYLORSVILLE,FEATHER R,PLUMAS,-120.8357,40.0793,3540,CA Dept of Water Resources/North Region Office
469,TCP,TIGER CREEK POWERHOUSE,MOKELUMNE R,CALAVERAS,-120.483,38.45,2360,Pacific Gas & Electric
470,TGR,TIGER CREEK PH,MOKELUMNE R,AMADOR,-120.483,38.45,2360,Pacific Gas & Electric
471,TGS,TRINITY GUARD STATION,TRINITY R,TRINITY,-122.66,40.825,4100,US Bureau of Reclamation
472,THO,THOMES CREEK AT PASKENTA,SACRAMENTO R,TEHAMA,-122.52856399999999,39.887840000000004,720,CA Dept of Water Resources/North Region Office
473,THP,THOMPSON CREEK DAM,LOS ANGELES R,LOS ANGELES,-117.709,34.139,1600,.None Specified
474,TKE,TRUCKEE RS (OBS),TRUCKEE R,NEVADA,-120.183,39.333,6020,US Forest Service
475,TLH,TELEGRAPH HILL,STANISLAUS R,TUOLUMNE,-120.353,38.03,3730,US Bureau of Reclamation
476,TMP,TOMASINI POINT,COAST-MARIN,MARIN,-122.85,38.117,40,CA Dept of Health Services (Richmond)
477,TMR,TAMARACK SUMMIT,SAN JOAQUIN R,FRESNO,-119.2,37.165,7550,US Bureau of Reclamation
478,TOK,THOUSAND OAKS RAWS,SANTA CLARA R,VENTURA,-118.87,34.21,795,Ventura County Fire
479,TPG,TOPANGA RAWS,VENTURA LA COASTAL,LOS ANGELES,-118.605,34.1364,1600,Los Angeles County Fire Dept
480,TRI,TRIMMER,KINGS R,FRESNO,-119.2,36.9,1540,US Forest Service
481,TRM,TERMINUS DAM,KAWEAH R,TULARE,-119.002,36.415,752,US Army Corps of Engineers
482,TRS,TROUGH SPRING,STONY CR,COLUSA,-122.654,39.296,4000,US Army Corps of Engineers
483,TUM,TUOLUMNE MEADOWS,TUOLUMNE R,TUOLUMNE,-119.35,37.873,8600,CA Dept of Water Resources
484,TVL,THOMPSON VALLEY,FEATHER R,PLUMAS,-120.4789,39.979,5404,CA Dept of Water Resources/O&M Oroville Field Division
485,TYR,TAYLOR RIDGE,TRINITY R,TRINITY,-122.817,40.917,4000,US Bureau of Reclamation
486,USC,LOS ANGELES / USC,LOS ANGELES R,LOS ANGELES,-118.291389,34.021667,185,National Weather Service
487,VEN,VENADO,RUSSIAN R,SONOMA,-123.018056,38.608610999999996,1260,CA Dept of Water Resources/Flood Management
488,VLT,VOLTA PH,SACTO VLY NE,SHASTA,-121.867,40.467,2200,Pacific Gas & Electric
489,VNI,SAN JOAQUIN RIVER AT VENICE ISLAND,SAN JOAQUIN R,SAN JOAQUIN,-121.496696,38.050179,0,CA Dept of Water Resources/Operations and Maintenance
490,VNT,VINTON,FEATHER R,PLUMAS,-120.183,39.8,4944,National Weather Service
491,VRG,VIRGINIA LAKES RIDGE,WALKER R,MONO,-119.234,38.077,9300,Natural Resources Conservation Service
492,WHI,WHISKEYTOWN DAM (USBR),SACRAMENTO R,SHASTA,-122.537,40.598,1210,US Bureau of Reclamation
493,WHK,WHISKEYTOWN DAM (OBSERVER),SACRAMENTO R,SHASTA,-122.55,40.6,1220,CAL FIRE
494,WHW,WHITE WOLF,TUOLUMNE R,TUOLUMNE,-119.6516,37.8595,7900,National Park Service
495,WIL,WILLITS HOWARD RS,RUSSIAN R,MENDOCINO,-123.3217,39.3506,1925,CA Dept of Water Resources/Flood Management
496,WLN,WALNUT CREEK SB,SAN GABRIEL R,LOS ANGELES,-117.874,34.074,520,.None Specified
497,WRS,WARM SPRINGS (USACE),RUSSIAN R,SONOMA,-123.01,38.723,440,US Army Corps of Engineers
498,WSD,WISHON DAM (PG&E),KINGS R,FRESNO,-118.986,37.003,6550,Pacific Gas & Electric
499,WSH,LAKE WISHON,KINGS R,FRESNO,-118.983,37.011,6550,Pacific Gas & Electric
500,WSP,WHISPERING PINES,PUTAH CR,LAKE,-122.70833300000001,38.805833,2700,CA Dept of Water Resources/Flood Management
501,WST,WESTFALL,FRESNO R,MARIPOSA,-119.6497,37.4494,4880,US Army Corps of Engineers
502,WTR,WHISKEYTOWN RAWS HQ#2 NR WHISKEYTOWN 3SE,SACRAMENTO R,SHASTA,-122.52731399999999,40.610514,1360,National Weather Service
503,WVR,WEAVERVILLE RS,TRINITY R,TRINITY,-122.95,40.733,2050,US Forest Service
504,WWD,WESTWOOD,FEATHER R,LASSEN,-120.9,40.307,5150,CAL FIRE
505,WWN,WAWONA RAWS,MERCED R,MARIPOSA,-119.644997,37.534442999999996,4300,Yosemite National Park
506,YGF,YGNACIO VALLEY FIRE,EAST BAY,CONTRA COSTA,-122.028,37.938,83,Contra Costa County
507,YOR,YORKVILLE,RUSSIAN R,MENDOCINO,-123.2314,38.9053,1100,CA Dept of Water Resources/Flood Management
508,YOW,YOSEMITE NEAR WAWONA,MERCED R,MARIPOSA,-119.632,37.508,4957,Merced Irrigation District
509,YSM,YOSEMITE (OBS),MERCED R,MARIPOSA,-119.583,37.74,3985,National Weather Service
510,YSV,YOSEMITE HEADQUARTERS,MERCED R,MARIPOSA,-119.583,37.74,3966,Merced Irrigation District
511,YUC,YUCCA VALLEY,WHITEWATER R,SAN BERNARDINO,-116.408,34.123,3100,CAL FIRE
512,YYV,YOSEMITE AT YOSEMITE VALLEY,MERCED R,MARIPOSA,-119.589,37.74,4200,Merced Irrigation District
513,ZEN,ZENIA,EEL R,TRINITY,-123.46,40.208,4000,CA Dept of Water Resources/Flood Management
514,ZOD,LAKE BERRYESSA (USBR),PUTAH CR,NAPA,-122.23031599999999,38.550934000000005,490,Solano County Water Agency
515,ZPC,ZAPATO CHINO,LOS GATOS CR (NEAR COALINGA),FRESNO,-120.293,36.016,1150,CA Dept of Water Resources
