"ID","Station Name","River Basin","County","Longitude","Latitude","ElevationFeet","Operator","Map"
"5SI","SAN JOAQUIN 5-STATION PRECIP INDEX","SAN JOAQUIN R","none specified","-119.583000","37.740000","0","CA Dept of Water Resources/Flood Management",""
"6SI","TULARE PRECIPITATION INDEX","TULARE LAKE","TULARE","-118.702000","36.288000","0","CA Dept of Water Resources/Snow Surveys",""
"8SI","NORTHERN SIERRA 8-STATION PRECIP INDEX","SACRAMENTO R","PLUMAS","-120.900000","39.900000","0","CA Dept of Water Resources/Flood Management",""
"ADR","AUBURN DAM RIDGE","AMERICAN R","PLACER","-121.045000","38.882000","1,200","US Bureau of Reclamation",""
"ADS","ALDER SPRINGS NEAR ELK CREEK","STONY CR","GLENN","-122.725000","39.650000","4,500","US Forest Service",""
"AGW","A.G. WISHON (PG&E)","SAN JOAQUIN R","MERCED","-119.505000","37.151000","1,000","Pacific Gas & Electric",""
"ALS","ALDER SPRINGS (USACE)","STONY CR","GLENN","-122.725000","39.650000","4,500","US Army Corps of Engineers",""
"ALT","ALTURAS RS","PIT R","MODOC","-120.550000","41.500000","4,400","US Forest Service",""
"ALY","ALLEGHANY","YUBA R","SIERRA","-120.875000","39.470000","4,957","CA Dept of Water Resources/Operations and Maintenance",""
"ANG","ANGWIN","NAPA R","NAPA","-122.433200","38.571200","1,815","CA Dept of Water Resources/Flood Management",""
"ANT","ANTELOPE LAKE","FEATHER R","PLUMAS","-120.607000","40.180000","4,960","CA Dept of Water Resources/O&M Oroville Field Division",""
"ANU","ARGONAUT DAM CA ARB RAWS","MOKELUMNE R","AMADOR","-120.790200","38.353600","1,513","CA Air Resources Board",""
"API","ALPINE","SAN DIEGO R","SAN DIEGO","-116.739000","32.834000","2,041","US Forest Service",""
"ARS","ARROWHEAD SPRINGS HOTEL","LYTLE CR","SAN BERNARDINO","-117.264000","34.184000","2,000",".None Specified",""
"ARW","ARDEN WAY","AMERICAN R","SACRAMENTO","-121.413000","38.596000","35","Sacramento County",""
"ARY","ARROYO SECO","SALINAS R","MONTEREY","-121.488000","36.230000","980","US Forest Service",""
"ASM","ASH MOUNTAIN","KAWEAH R","TULARE","-118.833000","36.483000","1,708","Sequoia and Kings Canyon National Parks",""
"ATL","ATLAS PEAK","NAPA R","NAPA","-122.248333","38.428333","1,660","CA Dept of Water Resources/Flood Management",""
"ATW","ATWELL CAMP","KAWEAH R","TULARE","-118.631000","36.464000","6,400","US Army Corps of Engineers",""
"BAL","BALCH PH (PG&E)","KINGS R","FRESNO","-119.089000","36.909000","1,720","Pacific Gas & Electric",""
"BAP","BYRON AIRPORT","DELTA","CONTRA COSTA","-121.622500","37.830600","43","Contra Costa County",""
"BAR","BEAR","MERCED R","MARIPOSA","-120.217000","37.367000","319","US Army Corps of Engineers",""
"BCH","BEACH MEADOWS","KERN R","TULARE","-118.293457","36.126095","7,650","CA Dept of Water Resources/Snow Surveys",""
"BCM","BRUSH CREEK (DWR-2)","FEATHER R","BUTTE","-121.340000","39.694000","3,560","CA Dept of Water Resources",""
"BCR","BRUSH CREEK RS","FEATHER R","BUTTE","-121.340000","39.690000","3,520","US Forest Service",""
"BDC","BOULDER CREEK","SAN LORENZO R","SANTA CRUZ","-122.163000","37.142000","800","Santa Cruz County",""
"BDD","BIG DALTON DAM","SAN GABRIEL R","LOS ANGELES","-117.808000","34.170000","1,587",".None Specified",""
"BDM","BALD MOUNTAIN (USBR)","SAN JOAQUIN R","FRESNO","-119.400000","37.067000","4,720","US Bureau of Reclamation",""
"BDY","BRANDY CREEK","SACTO VLY NE","SHASTA","-122.567000","40.617000","1,300","US Bureau of Reclamation",""
"BER","BERRYESSA","PUTAH CR","NAPA","-122.104000","38.513000","456","US Bureau of Reclamation",""
"BFK","BAKERSFIELD AIRPORT","TULARE LAKE","KERN","-119.054000","35.434000","494","National Weather Service",""
"BFL","BIG FLAT","TRINITY R","TRINITY","-122.942000","41.080000","5,100","US Bureau of Reclamation",""
"BGB","BIG BAR","TRINITY R","TRINITY","-123.200000","40.733000","1,270","US Forest Service",""
"BGC","BIG CREEK 1","SAN JOAQUIN R","FRESNO","-119.240000","37.205000","4,878","Southern California Edison Company, Big Creek",""
"BGR","BANGOR","YUBA R","BUTTE","-121.386246","39.380730","800","CAL FIRE",""
"BGV","BRIDGEVILLE","VAN DUZEN R","HUMBOLDT","-123.792000","40.474000","646","CA Dept of Water Resources/Flood Management",""
"BHL","BEVERLY HILLS","LOS ANGELES R","LOS ANGELES","-118.420000","34.125000","1,260","Los Angeles County Fire Dept",""
"BIM","BIG MEADOWS (DWR)","KINGS R","TULARE","-118.843430","36.715366","7,600","CA Dept of Water Resources/Snow Surveys",""
"BKL","BUCKS LAKE","FEATHER R","PLUMAS","-121.242000","39.850000","5,750","CA Dept of Water Resources/Operations and Maintenance",""
"BKM","BUCK MEADOWS","TUOLUMNE R","TUOLUMNE","-120.097500","37.823300","3,200","Hetch Hetchy Water and Power",""
"BKP","BUCKS CREEK PH","FEATHER R","PLUMAS","-121.333000","39.917000","1,760","Pacific Gas & Electric",""
"BL2","BLUE CANYON #2 (ETI)","AMERICAN R","PLACER","-120.700000","39.283000","5,280","CA Dept of Water Resources",""
"BLA","BLACKS MOUNTAIN","PIT R","LASSEN","-121.199722","40.769836","7,050","CA Dept of Water Resources/Snow Surveys",""
"BLB","BLACK BUTTE","STONY CR","TEHAMA","-122.329000","39.808000","426","US Army Corps of Engineers",""
"BLC","BLUE CANYON","AMERICAN R","PLACER","-120.708710","39.280110","5,280","US Bureau of Reclamation",""
"BLD","BLOODS CREEK","STANISLAUS R","ALPINE","-120.033000","38.450000","7,200","US Bureau of Reclamation",""
"BLH","BALCH PH","KINGS R","FRESNO","-119.083000","36.917000","1,720","Pacific Gas & Electric",""
"BLM","BLACK MOUNTAIN","SALINAS R","SAN LUIS OBISPO","-120.353000","35.395000","3,625","CA Dept of Water Resources/Flood Management",""
"BLN","BEN LOMOND","SAN LORENZO R","SANTA CRUZ","-122.075000","37.093000","365","Santa Cruz County",""
"BLO","BEN LOMOND (CDF)","SAN LORENZO R","SANTA CRUZ","-122.170000","37.132000","2,630","CAL FIRE",""
"BLS","BLACK SPRINGS","STANISLAUS R","CALAVERAS","-120.192000","38.375000","6,500","US Bureau of Reclamation",""
"BMH","BOGGS MT PRECIP AT HOBERGS","CACHE CR","LAKE","-122.711100","38.838900","3,550","US Geological Survey",""
"BMI","BEAR CYN RD PRECIP NR MIDDLETOWN","PUTAH CR","LAKE","-122.680800","38.763900","2,220","US Geological Survey",""
"BNK","BONANZA KING","TRINITY R","TRINITY","-122.628000","41.083000","6,450","US Bureau of Reclamation",""
"BNR","BUNNING RANCH","FRESNO R","MARIPOSA","-119.890000","37.367800","1,520","US Army Corps of Engineers",""
"BNY","BURNS CANYON","WHITEWATER R","SAN BERNARDINO","-116.621700","34.208000","6,000","CAL FIRE",""
"BOL","BOWMAN LAKE","YUBA R","NEVADA","-120.653600","39.448100","5,390","CA Dept of Water Resources/Flood Management",""
"BPT","BRIDGEPORT","WALKER R","MONO","-119.289000","38.272000","6,650","US Forest Service",""
"BRA","SALINAS RIVER NEAR BRADLEY","SALINAS R","MONTEREY","-120.868790","35.930244","443","USGS and DWR",""
"BRC","BEAR CREEK NEAR LODI","SAN JOAQUIN R","SAN JOAQUIN","-121.211000","38.074000","60","San Joaquin County",""
"BRD","BEARDSLEY LAKE","STANISLAUS R","TUOLUMNE","-120.075000","38.203000","3,398","Oakdale South San Joaquin Irrigation District",""
"BRE","BEAR R AT ROLLINS RESERVOIR","BEAR R","PLACER","-120.953000","39.133000","1,945","Pacific Gas and Electric Company, Auburn",""
"BRI","VAN DUZEN R NR BRIDGEVILLE AT GRIZZLY CR","VAN DUZEN R","HUMBOLDT","-123.890877","40.480415","358","USGS and DWR",""
"BRM","BEAR TRAP MEADOW","KAWEAH R","TULARE","-118.858000","36.676000","6,800","US Army Corps of Engineers",""
"BRS","BRUSH CREEK (DWR)","FEATHER R","BUTTE","-121.339000","39.692000","3,560","CA Dept of Water Resources/Operations and Maintenance",""
"BRY","SACRAMENTO RIVER AT BRYTE","SACRAMENTO R","YOLO","-121.533000","38.602000","30","CA Dept of Water Resources",""
"BSG","BARKER SLOUGH","DELTA","SOLANO","-121.934448","38.320000","83","Solano County Water Agency",""
"BTR","BATTLE RIDGE","SACTO VLY NE","TEHAMA","-121.750000","40.333000","3,400","US Bureau of Reclamation",""
"BUC","BUCHANAN DAM","CHOWCHILLA R","MADERA","-119.970000","37.213000","450","US Army Corps of Engineers",""
"BUD","BULLARDS BAR","YUBA R","YUBA","-121.143900","39.396300","2,100","Yuba County Water Agency",""
"BUL","NEW BULLARDS BAR","YUBA R","YUBA","-121.140000","39.393000","1,965","Yuba County Water Agency",""
"BUP","BUCKS CREEK POWERHOUSE","FEATHER R","PLUMAS","-121.333000","39.917000","1,760","Pacific Gas & Electric",""
"BUR","BURNS CREEK DAM","MERCED R","MERCED","-120.275000","37.377000","319","US Army Corps of Engineers",""
"BVA","BROWNS VALLEY (CIMIS 84)","YUBA R","YUBA","-121.315670","39.252561","940","CA Dept of Water Resources/North Central Region Office",""
"BYM","BLUE CANYON (DWR-2)","AMERICAN R","PLACER","-120.700000","39.283000","5,280","CA Dept of Water Resources",""
"CAG","CAMP ANGELUS","SANTA ANA R","SAN BERNARDINO","-116.978000","34.150000","5,780",".None Specified",""
"CAM","CAMPTONVILLE (DWR)","YUBA R","YUBA","-121.049000","39.451000","2,755","CA Dept of Water Resources/Operations and Maintenance",""
"CAP","CAPLES LAKE","AMERICAN R","ALPINE","-120.042000","38.710000","8,000","US Bureau of Reclamation",""
"CAU","CAHUILLA","COLORADO R","IMPERIAL","-115.174000","32.974000","278","US Bureau of Land Management",""
"CBO","CARIBOU PH","FEATHER R","PLUMAS","-121.150000","40.085000","2,986","Pacific Gas & Electric",""
"CBT","CRABTREE MEADOW","KERN R","TULARE","-118.347946","36.563683","10,700","CA Dept of Water Resources/Snow Surveys",""
"CCE","COW CREEK (USBR)","SACTO VLY NE","SHASTA","-121.853000","40.603000","2,840","US Bureau of Reclamation",""
"CCH","CACHUMA LAKE","SANTA YNEZ R","SANTA BARBARA","-119.980000","34.583000","781","US Bureau of Reclamation",""
"CCT","CALAVERAS COTTAGE","ALAMEDA CR","SANTA CLARA","-121.820785","37.488321","822","San Francisco PUC",""
"CFF","COFFEE CREEK RANGER STATION","TRINITY R","TRINITY","-122.708600","41.089400","2,503","CA Dept of Water Resources/Flood Management",""
"CFR","COFFEE RIDGE","TRINITY R","TRINITY","-122.717000","41.083000","3,040","US Bureau of Reclamation",""
"CFW","BEAR RIVER AT CAMP FAR WEST DAM","BEAR R","YUBA","-121.317000","39.050000","260","CA Dept of Water Resources/Flood Management",""
"CGR","CEDAR GROVE","KINGS R","TULARE","-118.659000","36.788000","4,720","National Park Service",""
"CGT","COLGATE PH","YUBA R","YUBA","-121.190000","39.330800","600","CA Dept of Water Resources/Flood Management",""
"CHE","CHEESEBORO","VENTURA LA COASTAL","VENTURA","-118.717200","34.184700","1,650","National Park Service",""
"CHG","CHICAGO","AMERICAN R","SACRAMENTO","-121.254000","38.652000","210","Sacramento County",""
"CHI","CHICO","BUTTE CR","BUTTE","-121.783000","39.712000","230","CAL FIRE",""
"CHL","CHALLENGE RANGER STATION","YUBA R","YUBA","-121.217000","39.483000","3,200","US Forest Service",""
"CHM","CHILKOOT MEADOW","SAN JOAQUIN R","MADERA","-119.490000","37.410000","7,150","US Bureau of Reclamation",""
"CHP","CHAGOOPA PLATEAU","KERN R","TULARE","-118.446716","36.497143","10,300","CA Dept of Water Resources/Snow Surveys",""
"CHS","CHESTER","FEATHER R","PLUMAS","-121.233000","40.283000","4,525","US Forest Service",""
"CHT","PAJARO RIVER AT CHITTENDEN","PAJARO R","SANTA CRUZ","-121.597725","36.900230","82","USGS and DWR",""
"CHV","CHERRY VALLEY DAM","TUOLUMNE R","TUOLUMNE","-119.917000","37.967000","4,765","Hetch Hetchy Water and Power",""
"CKC","CITY CREEK RANGER STATION","SANTA ANA R","SAN BERNARDINO","-117.181000","34.186000","2,610",".None Specified",""
"CKR","COOK RANCH","CALAVERAS R","SAN JOAQUIN","-120.946000","38.016000","325","San Joaquin County",""
"CLE","TRINITY LAKE","TRINITY R","TRINITY","-122.762000","40.801000","2,370","US Bureau of Reclamation",""
"CLF","COLFAX","AMERICAN R","PLACER","-120.951000","39.122000","2,400","National Weather Service",""
"CLG","COLGATE PH","YUBA R","YUBA","-121.183000","39.333000","600","Pacific Gas & Electric",""
"CLH","CLEAR LK HIGHLANDS (OBS)","SACTO VLY WEST","LAKE","-122.600000","38.900000","1,340","National Weather Service",""
"CLO","COVELO","EEL R","MENDOCINO","-123.083191","39.826111","1,487","CA Dept of Water Resources/Flood Management",""
"CLR","CLEAR CREEK","SACTO VLY NE","SHASTA","-122.667000","40.639000","3,300","US Bureau of Reclamation",""
"CLV","RUSSIAN RIVER AT CLOVERDALE","RUSSIAN R","MENDOCINO","-123.053612","38.879349","107","CA Dept of Water Resources/Flood Management",""
"CMK","N FK CALAVERAS R NR MOKELUMNE HILL","CALAVERAS R","CALAVERAS","-120.670100","38.281900","920","US Geological Survey",""
"CMV","CAMPTONVILLE RS (USFS)","YUBA R","YUBA","-121.045000","39.455000","2,503","US Forest Service",""
"CNY","CANYON DAM","FEATHER R","PLUMAS","-121.083000","40.167000","4,560","Pacific Gas & Electric",""
"COY","COYOTE (LAKE MENDOCINO)","RUSSIAN R","MENDOCINO","-123.186000","39.197000","720","US Army Corps of Engineers",""
"CPS","CAMP SECO RAWS","CALAVERAS R","CALAVERAS","-120.866386","38.223610","399","US Bureau of Land Management",""
"CPT","CAPLES (TWIN) LAKE","AMERICAN R","ALPINE","-120.033000","38.700000","8,000","National Weather Service",""
"CRI","CAHILL RIDGE","SAN MATEO CREEK","SAN MATEO","-122.374000","37.510200","1,044","San Francisco PUC",""
"CRL","CHARLOTTE LAKE","KINGS R","FRESNO","-118.426010","36.777520","10,400","CA Dept of Water Resources/Snow Surveys",""
"CRR","CRANE VALLEY RESERVOIR (PG&E)","SAN JOAQUIN R","MADERA","-119.526000","37.291000","3,400","Pacific Gas & Electric",""
"CRV","CRANE VALLEY PH","SAN JOAQUIN R","MADERA","-119.530000","37.290000","3,400","Pacific Gas & Electric",""
"CSC","CRYSTAL SPRINGS COTTAGE","SAN MATEO CREEK","SAN MATEO","-122.329000","37.496000","343","San Francisco PUC",""
"CSH","CASHMAN","FEATHER R","PLUMAS","-120.916000","40.001900","4,520","National Park Service",""
"CSL","CENT SIERRA SNOW LAB","YUBA R","NEVADA","-120.367000","39.325000","6,900","Natural Resources Conservation Service",""
"CSP","CHALK PLANT NR NEW SAN PEDRO","TUOLUMNE R","TUOLUMNE","-120.542367","37.808183","0","San Francisco County",""
"CSU","CALIFORNIA STATE UNIV AT SACRAMENTO","AMERICAN R","SACRAMENTO","-121.416000","38.555000","25","National Weather Service",""
"CTL","CRESTLINE","MOJAVE R","SAN BERNARDINO","-117.265000","34.272000","4,650",".None Specified",""
"CTN","COTTONWOOD CREEK NEAR BEEGUM","COTTONWOOD CR","TEHAMA","-122.881000","40.317000","3,400","US Bureau of Reclamation",""
"CVM","CHERRY VALLEY MET STATION","TUOLUMNE R","TUOLUMNE","-119.916000","37.974660","4,770","City and County of San Francisco PUC",""
"CVS","CALAVERAS RANGER STATION","STANISLAUS R","CALAVERAS","-120.367550","38.196610","3,360","US Bureau of Reclamation",""
"CVT","CALAVERAS BIG TREES","STANISLAUS R","CALAVERAS","-120.317000","38.283000","4,695","National Weather Service",""
"CWD","COTTONWOOD LAKES","OWENS R","INYO","-118.177551","36.483826","10,150","CA Dept of Water Resources/Snow Surveys",""
"CYW","COUNTY LINE RAWS NR WILBUR SPRINGS","CACHE CR","COLUSA","-122.411900","39.018900","2,085","US Bureau of Land Management",""
"DAV","LAKE DAVIS (DWR)","FEATHER R","PLUMAS","-120.467000","39.883000","5,768","CA Dept of Water Resources/O&M Oroville Field Division",""
"DBF","DUBLIN-SAN RAMON FIRE HOUSE","EAST BAY","CONTRA COSTA","-121.927000","37.732000","355","Contra Costa County",""
"DCC","DRY CREEK NEAR COULTERVILLE","MERCED R","MARIPOSA","-120.312000","37.654000","728","Merced Irrigation District",""
"DDL","DUDLEYS (MCDIARMID FIRE STATION)","MERCED R","MARIPOSA","-120.096140","37.720910","3,000","CA Dept of Water Resources/Flood Management",""
"DDM","DEADMAN CREEK","STANISLAUS R","TUOLUMNE","-119.654114","38.331596","9,250","CA Dept of Water Resources/Flood Management",""
"DDW","DIDDY WELLS","SACTO VLY NE","SHASTA","-122.100000","40.700000","1,300","US Bureau of Reclamation",""
"DEC","DEER CREEK DAM","LYTLE CR","SAN BERNARDINO","-117.502000","34.169000","2,320",".None Specified",""
"DES","DE SABLA (DWR)","BUTTE CR","BUTTE","-121.610000","39.872000","2,710","CA Dept of Water Resources/Operations and Maintenance",""
"DEV","DEVORE","LYTLE CR","SAN BERNARDINO","-117.404442","34.221111","2,070","CAL FIRE",""
"DKY","DINKEY","KINGS R","FRESNO","-119.039440","37.066390","5,668","US Forest Service",""
"DLP","DIAMOND LN PRECIP NR GLENCOE","MOKELUMNE R","CALAVERAS","-120.618370","38.343150","2,140","US Geological Survey",""
"DMF","DRUM PH FOREBAY","YUBA R","PLACER","-120.750000","39.250000","4,750","Pacific Gas & Electric",""
"DNM","DUNSMUIR TREATMENT PLANT","SACRAMENTO R","SISKIYOU","-122.267000","41.200000","2,170","National Weather Service",""
"DNN","DONNER LAKE (DWR)","TRUCKEE R","NEVADA","-120.250000","39.333000","5,945","US Geological Survey",""
"DNP","DON PEDRO RESERVOIR","TUOLUMNE R","TUOLUMNE","-120.421000","37.702000","830","USGS/USACE",""
"DNV","DOWNIEVILLE","YUBA R","SIERRA","-120.829200","39.558600","2,920","CA Dept of Water Resources/Flood Management",""
"DOY","DOYLE CROSSING","FEATHER R","PLUMAS","-120.483000","40.119200","5,670","CA Dept of Water Resources/North Region Office",""
"DPH","DRUM POWER HOUSE","BEAR R","PLACER","-120.767000","39.264000","3,400","Pacific Gas & Electric",""
"DPW","DON PEDRO RESERVOIR WEATHER","TUOLUMNE R","TUOLUMNE","-120.417712","37.700280","830","Turlock Irrigation District",""
"DRC","DEER CK FOREBAY (PG&E)","YUBA R","NEVADA","-120.825000","39.300000","4,455","Pacific Gas & Electric",""
"DRF","SMITH RIVER AT DR FINE BRIDGE","SMITH R","DEL NORTE","-124.133000","41.883000","63","USGS and DWR",""
"DSB","DE SABLA (PG&E)","BUTTE CR","BUTTE","-121.617000","39.867000","2,710","Pacific Gas & Electric",""
"DSC","DESCANSO","SAN DIEGO R","SAN DIEGO","-116.622000","32.857000","3,480","US Forest Service",""
"DTV","DEATH VALLEY","AMARGOSA R","INYO","-116.867000","36.467000","-194","National Weather Service",""
"DUC","DUDLEY RANCH BELOW COULTERVILLE","MERCED R","MARIPOSA","-120.133000","37.741000","3,654","Merced Irrigation District",""
"DVB","DANVILLE LIBRARY","SF BAY","CONTRA COSTA","-121.995600","37.820800","364","Contra Costa County",""
"DVR","DAVIS RANCH","COTTONWOOD CR","TEHAMA","-122.450000","40.350000","550","US Bureau of Reclamation",""
"DWV","DOWNIEVILLE","YUBA R","SIERRA","-120.833300","39.566700","2,915","National Weather Service",""
"DYC","DAY CANYON","LYTLE CR","SAN BERNARDINO","-117.537000","34.168000","2,240",".None Specified",""
"EDI","EL DORADO INTAKE","AMERICAN R","EL DORADO","-120.583000","38.755000","3,900","Pacific Gas & Electric",""
"EGL","EAGLE CREEK","TULE R","TULARE","-118.641000","35.983000","6,700","US Army Corps of Engineers",""
"EGN","COSUMNES RIVER AT EAGLES NEST ROAD","COSUMNES R","SACRAMENTO","-121.260000","38.485000","100","Sacramento County",""
"ELG","ELK GROVE FISH HATCHERY","COSUMNES R","SACRAMENTO","-121.374000","38.421000","45","Sacramento County",""
"ELH","EL RIO (RIO MESA HIGH SCHOOL)","VENTURA R","VENTURA","-119.143000","34.252300","0","Ventura County",""
"ELK","ELK VALLEY","SMITH R","DEL NORTE","-123.718000","41.988000","1,705","CA Dept of Water Resources/Flood Management",""
"ENG","ENGLEBRIGHT (USACE)","YUBA R","NEVADA","-121.267000","39.239000","551","US Army Corps of Engineers",""
"EPH","ELECTRA PH","MOKELUMNE R","AMADOR","-120.667000","38.333000","720","Pacific Gas & Electric",""
"EPK","EAST PARK RESERVOIR","STONY CR","COLUSA","-122.517000","39.367000","1,205","US Bureau of Reclamation",""
"EPW","EL PORTAL","MERCED R","MARIPOSA","-119.787917","37.675333","2,073","National Park Service",""
"ERK","EUREKA WOODLEY ISLAND","EEL R","HUMBOLDT","-124.167000","40.800000","20","National Weather Service",""
"ERY","ELLERY LAKE","MONO LAKE","MONO","-119.232201","37.934967","9,645","CA Dept of Water Resources/Snow Surveys",""
"EWS","PLUMAS EUREKA ST PARK WEATHER STATION","FEATHER R","PLUMAS","-120.696110","39.757780","5,107","CA Dept of Water Resources/Flood Management",""
"EXC","NEW EXCHEQUER-LK MCCLURE","MERCED R","MARIPOSA","-120.270000","37.585000","879","Merced Irrigation District",""
"FBS","FORBESTOWN","FEATHER R","BUTTE","-121.266100","39.517000","2,840","Pacific Gas & Electric",""
"FCD","FLOOD CONTROL HQ - CONTRA COSTA CO","SAN JOAQUIN R","CONTRA COSTA","-122.085000","37.988000","160","Contra Costa County",""
"FCH","FANCHER CREEK","KINGS R","FRESNO","-119.465800","36.883900","920","CAL FIRE",""
"FDL","FIDDLETOWN","COSUMNES R","AMADOR","-120.700000","38.533000","2,160","US Bureau of Reclamation",""
"FEN","FENCE MEADOW","KINGS R","FRESNO","-119.175000","36.961000","5,048","US Forest Service",""
"FGC","FRIANT GOVERNMENT CAMP","SAN JOAQUIN R","FRESNO","-119.717000","36.983000","410","National Weather Service",""
"FLD","FOLSOM DAM - FOLSOM POINT (DYKE 8)","AMERICAN R","SACRAMENTO","-121.129723","38.693054","350","National Weather Service",""
"FLR","FLORENCE LAKE (SCE)","SAN JOAQUIN R","FRESNO","-118.967000","37.267000","7,325","Southern California Edison Company, Big Creek",""
"FLW","FLOWER MOUNTAIN","STANISLAUS R","TUOLUMNE","-120.680300","37.920000","1,480","US Army Corps of Engineers",""
"FO2","FORT ORD #2","SALINAS R","MONTEREY","-121.786000","36.627000","490","US Army",""
"FOL","FOLSOM LAKE","AMERICAN R","SACRAMENTO","-121.183000","38.683000","466","US Bureau of Reclamation",""
"FOR","FOUR TREES","FEATHER R","PLUMAS","-121.322541","39.812365","5,150","CA Dept of Water Resources/O&M Oroville Field Division",""
"FRD","FRENCHMAN DAM","FEATHER R","PLUMAS","-120.183000","39.883000","5,517","CA Dept of Water Resources/O&M Oroville Field Division",""
"FRH","FORESTHILL R S","AMERICAN R","PLACER","-120.850000","39.017000","3,015","US Forest Service",""
"FRM","FARMINGTON (SPILL ELEV 156.5 FT)","LITTLEJOHN CR","SAN JOAQUIN","-120.935000","37.915000","180","US Army Corps of Engineers",""
"FRN","FORNI RIDGE","AMERICAN R","EL DORADO","-120.213000","38.805000","7,600","US Bureau of Reclamation",""
"FRO","FRESNO WB AIRPORT","TULARE LAKE","FRESNO","-119.717000","36.767000","328","National Weather Service",""
"FRT","FRIANT DAM","SAN JOAQUIN R","FRESNO","-119.692000","36.995000","578","US Bureau of Reclamation",""
"FSW","EEL RIVER AT FORT SEWARD","EEL R","HUMBOLDT","-123.632530","40.218201","320","USGS and DWR",""
"GAS","GASQUET RANGER STATION","SMITH R","DEL NORTE","-123.967000","41.850000","384","CA Dept of Water Resources/Flood Management",""
"GBS","GIBSON MAINTENANCE STATION","SACRAMENTO R","SHASTA","-122.410000","41.025000","1,650","National Weather Service",""
"GGH","GREGORY HILL","DELTA","SOLANO","-122.069450","38.268051","188","Solano County Water Agency",""
"GGT","GOLDEN GATE","SF BAY","SAN FRANCISCO","-122.474000","37.810000","0","National Weather Service",""
"GIB","GIBSON","SACRAMENTO R","SHASTA","-122.399200","41.022500","1,633","CA Dept of Water Resources/Flood Management",""
"GIN","GIN FLAT","MERCED R","MARIPOSA","-119.773000","37.767000","7,050","CA Dept of Water Resources/Snow Surveys",""
"GKS","GREEK STORE","AMERICAN R","PLACER","-120.558000","39.075000","5,600","US Bureau of Reclamation",""
"GLH","GLEN HELEN REGIONAL PARK","LYTLE CR","SAN BERNARDINO","-117.405000","34.209000","2,040",".None Specified",""
"GLR","GILMORE RANCH","CALAVERAS R","SAN JOAQUIN","-120.987000","38.045000","220","San Joaquin County",""
"GLV","GLENVILLE FS","KERN R","KERN","-118.700000","35.717000","3,140","Kern County",""
"GNF","GIANT FOREST (USACE)","KAWEAH R","TULARE","-118.765000","36.562000","6,650","US Army Corps of Engineers",""
"GNL","GIANELLI MEADOW","STANISLAUS R","TUOLUMNE","-119.893188","38.204308","8,400","US Bureau of Reclamation",""
"GNV","GREENVILLE RS","FEATHER R","PLUMAS","-120.933000","40.133000","3,570","National Weather Service",""
"GOL","GOLD LAKE","FEATHER R","SIERRA","-120.617179","39.674783","6,750","CA Dept of Water Resources/Operations and Maintenance",""
"GRC","GARCIA RIVER NEAR POINT ARENA","GARCIA RIVER","MENDOCINO","-123.607780","38.903610","80","US Geological Survey",""
"GRD","GIRARD","SACRAMENTO R","SHASTA","-122.283000","41.133000","4,800","US Bureau of Reclamation",""
"GRE","GREENVILLE","FEATHER R","PLUMAS","-120.941200","40.139400","3,560","CA Dept of Water Resources/Operations and Maintenance",""
"GRG","GEORGETOWN RS (USFS)","AMERICAN R","EL DORADO","-120.800000","38.933000","3,001","US Forest Service",""
"GRM","GREEN MOUNTAIN","SAN JOAQUIN R","MADERA","-119.238000","37.555000","7,900","US Bureau of Reclamation",""
"GRN","GREEN SPRINGS","TUOLUMNE R","TUOLUMNE","-120.500000","37.833000","1,020","CAL FIRE",""
"GRO","GRANT GROVE","KINGS R","TULARE","-118.967000","36.733000","6,600","US National Forest",""
"GRV","GRAVEYARD MEADOW","SAN JOAQUIN R","MADERA","-119.290000","37.465000","6,900","US Bureau of Reclamation",""
"GRZ","GRIZZLY RIDGE","FEATHER R","PLUMAS","-120.645000","39.917000","6,900","CA Dept of Water Resources/Operations and Maintenance",""
"GTM","GOAT MOUNTAIN","SAN JOAQUIN R","MADERA","-119.543000","37.270000","4,520","US Bureau of Reclamation",""
"GTW","GEORGETOWN (USBR)","AMERICAN R","EL DORADO","-120.789000","38.925000","3,250","US Bureau of Reclamation",""
"HAT","HAT CK PH NO 1","HAT CR","SHASTA","-121.550000","40.933000","3,020","Pacific Gas & Electric",""
"HBP","HARVEY O BANKS PUMPING P (KA000331)","DELTA","CONTRA COSTA","-121.620278","37.801944","4","CA Dept of Water Resources/Operations and Maintenance",""
"HCK","HOCKETT MEADOW (USACE)","KAWEAH R","TULARE","-118.651000","36.371000","8,500","US Army Corps of Engineers",""
"HDL","HOADLEY","TRINITY R","SHASTA","-122.750000","40.683000","4,580","US Bureau of Reclamation",""
"HDZ","HERNANDEZ","SAN BENITO R","SAN BENITO","-120.854000","36.383000","3,752","CAL FIRE",""
"HEM","HETCH HETCHY MET STATION","TUOLUMNE R","TUOLUMNE","-119.783150","37.944934","3,920","City of San Francisco",""
"HHM","HIGHLAND MEADOW","MOKELUMNE R","ALPINE","-119.805748","38.487312","8,700","CA Dept of Water Resources/Snow Surveys",""
"HID","HIDDEN DAM (HENSLEY)","FRESNO R","MADERA","-119.917000","37.200000","561","US Army Corps of Engineers",""
"HIG","HIGHLAND LAKES","TRINITY R","TRINITY","-122.483000","41.093000","6,030","US Bureau of Reclamation",""
"HKY","HAWKEYE","RUSSIAN R","SONOMA","-122.840000","38.727000","2,000","CAL FIRE",""
"HLC","HILLCREST","PIT R","SHASTA","-121.883000","40.867000","3,440","US Bureau of Reclamation",""
"HLD","HIGHLAND PEAK","DELTA","CONTRA COSTA","-121.808400","37.814500","2,520","Contra Costa County",""
"HLH","HELL HOLE (USFS)","AMERICAN R","PLACER","-120.421700","39.071700","4,580","US Forest Service",""
"HMB","HUMBUG","FEATHER R","PLUMAS","-121.368000","40.115000","6,500","CA Dept of Water Resources/Operations and Maintenance",""
"HNT","HUNTINGTON LAKE (USBR)","SAN JOAQUIN R","FRESNO","-119.221000","37.228000","7,000","US Bureau of Reclamation",""
"HNY","HONEYDEW","MATTOLE R","HUMBOLDT","-124.148000","40.230000","370","CA Dept of Water Resources/Flood Management",""
"HPA","TRINITY RIVER AT HOOPA","TRINITY R","HUMBOLDT","-123.673668","41.049850","330","USGS and DWR",""
"HRF","HARKNESS FLAT","FEATHER R","LASSEN","-121.275000","40.418000","6,200","Pacific Gas and Electric Company, Rogers Flat",""
"HRR","HARRISON GULCH RS","SACTO VLY WEST","SHASTA","-122.967000","40.367000","2,750","US Forest Service",""
"HRZ","HIRZ","SACRAMENTO R","SHASTA","-122.250000","40.900000","3,200","US Bureau of Reclamation",""
"HSS","HOSSACK","TULE R","TULARE","-118.619000","36.181000","7,100","US Army Corps of Engineers",""
"HTC","HAT CREEK #1 PH (PG&E)","PIT R","LASSEN","-121.550000","40.933000","3,015","Pacific Gas & Electric",""
"HTG","HASTINGS","CARMEL R","MONTEREY","-121.551000","36.388000","1,824","CAL FIRE",""
"HTH","HETCH HETCHY","TUOLUMNE R","TUOLUMNE","-119.783000","37.950000","3,870","Hetch Hetchy Water and Power",""
"HTN","HUNTINGTON LAKE (PG&E) (OBSERVER)","SAN JOAQUIN R","FRESNO","-119.225000","37.225000","7,000","Pacific Gas & Electric",""
"HYS","HUYSINK","AMERICAN R","PLACER","-120.527000","39.282000","6,600","US Bureau of Reclamation",""
"INP","INDEPENDENCE LAKE NEAR TRUCKEE","TRUCKEE R","SIERRA","-120.290000","39.452000","6,921","US Geological Survey",""
"INV","INDIAN VALLEY","CACHE CR","LAKE","-122.533000","39.083000","1,502","Yolo County Flood Control and Water Consv Dist",""
"ISB","ISABELLA DAM","KERN R","KERN","-118.473000","35.646000","2,635","US Army Corps of Engineers",""
"JAR","JARBO GAP","FEATHER R","BUTTE","-121.489000","39.736000","2,700","CAL FIRE",""
"JNR","JOHNSON RANCH","EAST BAY","ALAMEDA","-121.604000","37.666700","2,042","San Joaquin County",""
"JUL","JULIAN","SAN DIEGO R","SAN DIEGO","-116.591000","33.076000","4,240","CAL FIRE",""
"KCP","KERN CANYON PH (OBSERVER)","KERN R","KERN","-118.441000","35.441000","702","Pacific Gas & Electric",""
"KET","KETTENPOM","EEL R","TRINITY","-123.467000","40.150000","3,468","CA Dept of Water Resources/Flood Management",""
"KLR","KILARC PH","SACTO VLY NE","SHASTA","-121.867000","40.683000","2,650","Pacific Gas & Electric",""
"KP3","KERN PH 3","KERN R","KERN","-118.436058","35.775902","2,703","Southern California Edison Company, Big Creek",""
"KPH","KERN CANYON PH (PG&E)","KERN R","KERN","-118.783000","35.433000","570","Pacific Gas & Electric",""
"KPI","KERN POWER HOUSE INTAKE","KERN R","KERN","-118.476860","35.945800","3,654","Southern California Edison Company",""
"KR1","KERN PH 1","KERN R","KERN","-118.770000","35.460000","1,000","Southern California Edison Company, Big Creek",""
"KR3","KERN R INTAKE NO. 3","KERN R","KERN","-118.480000","35.950000","3,650","Southern California Edison Company, Big Creek",""
"KSP","KAISER POINT","SAN JOAQUIN R","FRESNO","-119.100000","37.300000","9,200","US Bureau of Reclamation",""
"KTI","KNOCTI RAWS (MT. KONOCTI)","CACHE CR","LAKE","-122.706300","38.911800","2,163","CAL FIRE",""
"KTL","KETTLE ROCK","FEATHER R","PLUMAS","-120.715000","40.140000","7,300","CA Dept of Water Resources/Operations and Maintenance",""
"KTT","KETTLEMAN HILLS","TULARE LAKE","KINGS","-120.057000","36.033000","810","US Bureau of Land Management",""
"LAP","LA PORTE (DWR)","FEATHER R","PLUMAS","-120.983000","39.681000","4,980","CA Dept of Water Resources/Operations and Maintenance",""
"LBR","LIBERTY ROAD","PETALUMA R","SONOMA","-122.700000","38.283000","100","City of Petaluma",""
"LC1","LAKE CTY RAWS1 (COBB MT)","CACHE CR","LAKE","-122.740500","38.806400","4,725","Lake County",""
"LCN","LINCOLN","AMERICAN R","PLACER","-121.272000","38.882000","200","CAL FIRE",""
"LCS","LOWER CRYSTAL SPRINGS","SAN MATEO CREEK","SAN MATEO","-122.363000","37.532500","424","San Francisco PUC",""
"LCU","LAKE CURRY","DELTA","NAPA","-122.125549","38.357784","391","Solano County Water Agency",""
"LDG","LODGEPOLE","KAWEAH R","TULARE","-118.733000","36.600000","6,735","Sequoia and Kings Canyon National Parks",""
"LEG","SOUTH FORK EEL RIVER AT LEGGETT","EEL R","MENDOCINO","-123.720581","39.874596","747","USGS and DWR",""
"LEW","LEWISTON","TRINITY R","TRINITY","-122.793000","40.727000","1,870","US Bureau of Reclamation",""
"LFH","LEWISTON FISH HATCHERY","TRINITY R","TRINITY","-122.793000","40.727000","1,870","US Bureau of Reclamation",""
"LGS","LOG SPRING","SACTO VLY NE","TEHAMA","-122.783000","39.833000","5,100","US Army Corps of Engineers",""
"LIC","LICHAU CREEK","PETALUMA R","SONOMA","-122.633000","38.317000","600","City of Petaluma",""
"LKS","LAKESHORE","SACRAMENTO R","SHASTA","-122.383000","40.867000","1,100","US Bureau of Reclamation",""
"LON","LOON LAKE (SMUD)","AMERICAN R","EL DORADO","-120.323000","38.983000","6,410","Sacramento Municipal Utility District",""
"LSP","LAKE SPAULDING (PG&E)","YUBA R","NEVADA","-120.633000","39.317000","5,156","Pacific Gas & Electric",""
"LVO","LIVE OAK CANYON - LIVE OAK DAM","LOS ANGELES R","LOS ANGELES","-117.744000","34.134000","1,510","Los Angeles County",""
"LVT","LEAVITT LAKE","WALKER R","MONO","-119.621000","38.282000","9,600","Natural Resources Conservation Service",""
"LYC","LYTLE CREEK","SANTA ANA R","SAN BERNARDINO","-117.480000","34.234000","2,792","US Forest Service",""
"MAP","MAPEL RANCH","JACALITOS CR","FRESNO","-120.483000","36.039000","2,640","CA Dept of Water Resources/Operations and Maintenance",""
"MAR","MARIPOSA CREEK DAM","MERCED R","MARIPOSA","-120.147000","37.292000","459","US Army Corps of Engineers",""
"MB3","MIDDLE BOULDER 3","SCOTT R","SISKIYOU","-122.811000","41.225000","6,200","US Bureau of Reclamation",""
"MBB","MERCED RIVER NEAR BRICEBURG","MERCED R","MARIPOSA","-119.978100","37.598900","1,150","Merced Irrigation District",""
"MBR","MEADOWBROOK (PG&E)","KINGS R","FRESNO","-118.863000","37.082000","8,021","Pacific Gas & Electric",""
"MCE","MERCED (CIMIS 148)","MERCED R","MERCED","-120.386389","37.313611","200","CA Dept of Water Resources/South Central Region Office",""
"MCL","MCCLOUD DAM (PG&E)","MC CLOUD R","SHASTA","-122.071000","41.130000","2,690","Pacific Gas & Electric",""
"MCM","MORRISON CREEK AT MACK ROAD","SACRAMENTO R","SACRAMENTO","-121.458000","38.478000","13","Sacramento Dept of Public Works",""
"MCN","MOCCASIN","TUOLUMNE R","TUOLUMNE","-120.299006","37.810184","938","Hetch Hetchy Water and Power",""
"MDL","MUD LAKE","MOKELUMNE R","AMADOR","-120.140000","38.615000","7,900","Sacramento Municipal Utility District",""
"MDZ","MENDEZ RANCH","CALAVERAS R","STANISLAUS","-120.924000","38.062000","322","San Joaquin County",""
"MED","MEDICINE LAKE","PIT R","SISKIYOU","-121.613100","41.586900","6,700","US Bureau of Reclamation",""
"MGN","MAGOON","FRESNO R","MARIPOSA","-119.812500","37.489400","3,150","US Army Corps of Engineers",""
"MHH","MOCCASIN MET STATION","TUOLUMNE R","TUOLUMNE","-120.296861","37.810151","930","San Francisco PUC",""
"MHP","MAMMOTH PASS (USBR)","OWENS R","MONO","-119.031750","37.612400","9,300","US Bureau of Reclamation",""
"MIL","FRIANT DAM (MILLERTON)","SAN JOAQUIN R","FRESNO","-119.705000","37.001000","581","US Bureau of Reclamation",""
"MIN","MINERAL","SACTO VLY NE","TEHAMA","-121.609000","40.348000","4,957","CA Dept of Water Resources/Flood Management",""
"MLD","MCCLOUD","MC CLOUD R","SHASTA","-122.133000","41.250000","3,280","US Bureau of Reclamation",""
"MNH","MOUNTAIN HOME","TULE R","TULARE","-118.710000","36.242000","5,400","US Army Corps of Engineers",""
"MNR","MINERAL (OBSERVER)","SACTO VLY NE","TEHAMA","-121.600000","40.350000","4,875","National Weather Service",""
"MPG","MARIPOSA GROVE","MERCED R","MARIPOSA","-119.600000","37.500000","6,400","CAL FIRE",""
"MRD","EEL RIVER SF NR MIRANDA (AT SYLVANDALE)","EEL R","HUMBOLDT","-123.776146","40.181808","218","USGS and DWR",""
"MRN","MORMON ROCK","LYTLE CR","SAN BERNARDINO","-117.502000","34.317000","3,300","US Forest Service",""
"MRP","MARIPOSA RANGER STATION","MERCED R","MARIPOSA","-119.986946","37.504166","2,250","CAL FIRE",""
"MRT","MARTIS CREEK RESERVOIR","TRUCKEE R","NEVADA","-120.113000","39.327000","5,745","US Army Corps of Engineers",""
"MSA","MURRAY CK NR SAN ANDREAS","MOKELUMNE R","CALAVERAS","-120.675100","38.211600","880","US Geological Survey",""
"MSC","MOUNT SHASTA CITY","SACRAMENTO R","SISKIYOU","-122.317000","41.317000","3,590","National Weather Service",""
"MTF","MOUNTAIN REST","SAN JOAQUIN R","FRESNO","-119.371000","37.054000","4,100","US Forest Service",""
"MTS","MOUNT SHASTA","SACRAMENTO R","SISKIYOU","-122.316000","41.313000","3,545","CA Dept of Water Resources/Flood Management",""
"MTY","MONTEREY AIRPORT","CARMEL R","MONTEREY","-121.847504","36.590557","217","National Weather Service",""
"MUD","MUD SPRINGS","TRINITY R","TRINITY","-123.283000","40.717000","3,400","CA Dept of Water Resources/Flood Management",""
"MUM","MUMBO BASIN","TRINITY R","TRINITY","-122.523000","41.197000","5,650","US Bureau of Reclamation",""
"MVA","MT VACA","ULATIS CR","SOLANO","-122.098618","38.395000","2,611","Solano County Water Agency",""
"MVD","MUCK VALLEY DIVERSION (PG&E)","PIT R","SHASTA","-121.155000","41.015000","4,300","Pacific Gas & Electric",""
"NCS","NEWCASTLE-PINEVIEW SCHOOL","AMERICAN R","PLACER","-121.135000","38.874000","890","City of Roseville",""
"NFR","NORTH FORK R S","SAN JOAQUIN R","MADERA","-119.500000","37.233000","2,630","US Forest Service",""
"NHG","NEW HOGAN LAKE","CALAVERAS R","CALAVERAS","-120.812000","38.152000","554","US Army Corps of Engineers",""
"NHW","NEW HOGAN WEATHER","CALAVERAS R","CALAVERAS","-120.815600","38.150800","554","US Army Corps of Engineers",""
"NLS","NOEL SPRING","STONY CR","GLENN","-122.667000","39.538000","5,100","US Army Corps of Engineers",""
"NML","NEW MELONES RESERVOIR","STANISLAUS R","CALAVERAS","-120.525000","37.948100","1,135","US Bureau of Reclamation",""
"NMS","NEW MELONES","STANISLAUS R","CALAVERAS","-120.525000","37.948000","1,400","US Bureau of Reclamation",""
"NSN","NORTH SAN ANDREAS","SAN MATEO CREEK","SAN MATEO","-122.443000","37.612000","617","San Francisco PUC",""
"NTP","NATURE POINT","SAN JOAQUIN R","MADERA","-119.360000","37.342000","5,150","US Bureau of Reclamation",""
"NVD","NEVADA CITY","YUBA R","NEVADA","-121.001000","39.250000","2,781","Nevada County",""
"ODA","ORINDA FIRE STATION 43","EAST BAY","CONTRA COSTA","-122.170402","37.899588","700","Contra Costa County",""
"ODL","OAKDALE (CIMIS 194)","SAN JOAQUIN R","STANISLAUS","-120.850860","37.727194","165","CA Dept of Water Resources/South Central Region Office",""
"OGC","ORANGE COVE (CIMIS 142)","KINGS R","FRESNO","-119.389030","36.721083","450","CA Dept of Water Resources/South Central Region Office",""
"OGO","OGO RANGER STATION","COTTONWOOD CR","SHASTA","-122.737000","40.423000","1,300","CA Dept of Water Resources/Flood Management",""
"OHD","OUR HOUSE DAM","YUBA R","YUBA","-120.996400","39.412000","1,960","CA Dept of Water Resources/Flood Management",""
"OJA","OJAI","SAN ANTONIO CR (SOUTH COAST)","VENTURA","-119.230000","34.448000","765","Ventura County",""
"OKG","OAK GROVE","SANTA MARGARITA R","SAN DIEGO","-116.795000","33.393000","2,752","US Forest Service",""
"OKH","OAKHURST","FRESNO R","MADERA","-119.675800","37.344700","2,360","US Army Corps of Engineers",""
"OKN","O'KANE (BLUE LAKE)","REDWOOD CR","HUMBOLDT","-123.815338","40.905964","850","USGS and DWR",""
"OLS","KLAMATH RIVER AT ORLEANS","KLAMATH R","HUMBOLDT","-123.534500","41.303459","430","USGS and DWR",""
"OPS","OPENSHAW","COTTONWOOD CR","BUTTE","-121.635161","39.589833","268","CAL FIRE",""
"ORK","REDWOOD CREEK AT ORICK","REDWOOD CR","HUMBOLDT","-124.051186","41.299290","36","USGS and DWR",""
"ORO","OROVILLE DAM","FEATHER R","BUTTE","-121.493000","39.540000","900","CA Dept of Water Resources/O&M Oroville Field Division",""
"OSO","OAKLAND SOUTH","EAST BAY","ALAMEDA","-122.143600","37.788100","1,000","Oakland Fire Services Agency",""
"OWN","OWENS CREEK DAM","MERCED R","MARIPOSA","-120.187000","37.282000","424","US Army Corps of Engineers",""
"PAR","PARDEE","MOKELUMNE R","CALAVERAS","-120.850000","38.250000","568","East Bay Municipal Utility District",""
"PAS","SALINAS RIVER AT PASO ROBLES","SALINAS R","SAN LUIS OBISPO","-120.684334","35.628582","700","USGS and DWR",""
"PBM","PUTAH CK BLW DRY CK AT MIDDLETOWN","PUTAH CR","LAKE","-122.615300","38.760000","1,080","US Geological Survey",""
"PCF","PACIFIC HOUSE (OBSERVER)","AMERICAN R","EL DORADO","-120.500000","38.765000","3,400","National Weather Service",""
"PCK","PECKINPAH","SAN JOAQUIN R","MADERA","-119.458000","37.250000","5,150","US Bureau of Reclamation",""
"PCR","PINECREST (PG&E)","STANISLAUS R","TUOLUMNE","-119.983000","38.200000","5,600","Pacific Gas & Electric",""
"PCV","PLACERVILLE","AMERICAN R","EL DORADO","-120.820000","38.700000","1,850","National Weather Service",""
"PDD","WALNUT CREEK AT PUDDINGSTONE DAM","SAN GABRIEL R","LOS ANGELES","-117.807000","34.092000","1,030",".None Specified",""
"PDE","PARADISE","FEATHER R","BUTTE","-121.624700","39.753600","1,750","CA Dept of Water Resources/O&M Oroville Field Division",""
"PDO","PUTAH DIVERSION OFFICE (PDO)","PUTAH CR","SOLANO","-122.003517","38.492016","175","Solano County Water Agency",""
"PET","PETERSON FLAT","TRINITY R","TRINITY","-122.527700","41.302300","7,150","US Bureau of Reclamation",""
"PFH","PACIFIC HOUSE","AMERICAN R","EL DORADO","-120.500000","38.760000","3,440","US Bureau of Reclamation",""
"PFW","PINE FLAT WEATHER","KINGS R","FRESNO","-119.336900","36.823600","610","US Army Corps of Engineers",""
"PIN","PINE GROVE","MOKELUMNE R","AMADOR","-120.633000","38.400000","2,440","CA Dept of Water Resources/Flood Management",""
"PIU","PIRU","SANTA CLARA R","VENTURA","-118.810000","34.404000","624","Ventura County",""
"PKC","PIKE COUNTY","YUBA R","YUBA","-121.202000","39.475000","3,714","US Forest Service",""
"PKF","PARKFIELD","SALINAS R","MONTEREY","-120.432000","35.899000","1,535","CAL FIRE",""
"PLD","PILARCITOS DAM","SAN MATEO CREEK","SAN MATEO","-122.422000","37.548000","700","San Francisco PUC",""
"PLM","PALM SPRINGS AIRPORT","WHITEWATER R","RIVERSIDE","-116.503609","33.822224","474","National Weather Service",""
"PLP","PILOT PEAK (DWR)","FEATHER R","PLUMAS","-120.877777","39.785892","6,800","CA Dept of Water Resources/Operations and Maintenance",""
"PNC","PINECREST-STRAWBERRY","STANISLAUS R","TUOLUMNE","-119.984000","38.200000","5,620","Pacific Gas & Electric",""
"PNF","PINE FLAT DAM","KINGS R","FRESNO","-119.325000","36.833000","970","US Army Corps of Engineers",""
"PNT","PINEHURST","KINGS R","FRESNO","-119.000000","36.685280","4,060","US Forest Service",""
"PR1","PIT #1 PH (PG&E)","PIT R","SHASTA","-121.498000","41.000000","2,880","Pacific Gas & Electric",""
"PR3","PIT #3 PH (PG&E)","PIT R","SHASTA","-121.747000","40.998000","2,100","Pacific Gas & Electric",""
"PR5","PIT #5 PH (PG&E)","PIT R","LASSEN","-121.978000","40.987000","1,458","Pacific Gas & Electric",""
"PRD","PARADISE FIRE STATION","BUTTE CR","BUTTE","-121.617000","39.750000","1,750","National Weather Service",""
"PRR","PERRIS","SAN JACINTO R","RIVERSIDE","-117.183000","33.858000","1,600","CA Dept of Water Resources/O&M Southern Field Division",""
"PRT","PORTOLA","FEATHER R","PLUMAS","-120.467000","39.800000","4,850","National Weather Service",""
"PRY","PERRY RANCH","CALAVERAS R","CALAVERAS","-120.922000","38.149000","315","US Army Corps of Engineers",""
"PSB","PASO ROBLES AIRPORT","SALINAS R","SAN LUIS OBISPO","-120.626114","35.673054","836","National Weather Service",""
"PSC","PASCOES","KERN R","TULARE","-118.350000","35.967000","9,150","US Army Corps of Engineers",""
"PSR","POISON RIDGE","SAN JOAQUIN R","MADERA","-119.520000","37.403000","6,900","US Bureau of Reclamation",""
"PT1","PIT R PH #1","PIT R","SHASTA","-121.500000","41.000000","2,880","Pacific Gas & Electric",""
"PT5","PIT R PH #5","PIT R","SHASTA","-121.983000","40.983000","1,460","Pacific Gas & Electric",""
"PTR","POINT REYES","COAST-MARIN","MARIN","-122.950000","38.083000","80","National Weather Service",""
"PTV","POTTER VALLEY","RUSSIAN R","MENDOCINO","-123.127200","39.364400","1,080","US Army Corps of Engineers",""
"PUD","SAN DIMAS CK AT PUDDINGSTON DIVERSN","SAN GABRIEL R","LOS ANGELES","-117.782000","34.121000","1,130",".None Specified",""
"PVL","PRATTVILLE (PG&E)","FEATHER R","PLUMAS","-121.157000","40.209000","4,520","Pacific Gas & Electric",""
"PVP","POTTER VALLEY PH","RUSSIAN R","MENDOCINO","-123.133000","39.367000","1,020","Pacific Gas & Electric",""
"PWS","PLACERVILLE WEATHER STATION","AMERICAN R","EL DORADO","-120.824300","38.695430","1,858","CA Dept of Water Resources/Flood Management",""
"QCY","QUINCY (DWR)","FEATHER R","PLUMAS","-120.950000","39.935000","3,408","CA Dept of Water Resources/Operations and Maintenance",""
"QNC","QUINCY RS (USFS)","FEATHER R","PLUMAS","-120.950000","39.960000","3,420","US Forest Service",""
"QRD","QUINCY RADIO STATION","FEATHER R","PLUMAS","-120.947500","39.936600","3,420","National Weather Service",""
"QUA","QUAKING ASPEN","TULE R","TULARE","-118.539990","36.117510","7,200","CA Dept of Water Resources/Snow Surveys",""
"RBR","ROBIDART RANCH","CALAVERAS R","SAN JOAQUIN","-121.031000","38.137000","315","San Joaquin County",""
"RDD","REDDING AIRPORT","SACTO VLY NE","SHASTA","-122.300000","40.500000","502",".None Specified",""
"RDH","READER RANCH","YUBA R","NEVADA","-121.117000","39.304000","2,025","CAL FIRE",""
"RDO","RODEO VALLEY","EEL R","MENDOCINO","-123.320000","39.667000","2,425","CAL FIRE",""
"RFS","REDDING FIRE STATION","SACTO VLY NE","SHASTA","-122.419300","40.573600","740","US Bureau of Reclamation",""
"RGC","ROGERS CAMP","TULE R","TULARE","-118.637000","36.108000","6,200","US Army Corps of Engineers",""
"RHL","RICHMOND CITY HALL","SF BAY","CONTRA COSTA","-122.342700","37.936900","55","Contra Costa County",""
"RNC","RANCHO CORDOVA","AMERICAN R","SACRAMENTO","-121.312444","38.602556","72","Sacramento County",""
"ROV","ROSE VALLEY","U SANTA CLARA R","VENTURA","-119.184000","34.536000","3,331","CAL FIRE",""
"RRF","RAILROAD FLAT","CALAVERAS R","CALAVERAS","-120.543000","38.314000","2,720","US Army Corps of Engineers",""
"RRG","RODDY RANCH GOLF CLUB","EAST BAY","CONTRA COSTA","-121.785800","37.923600","403","Contra Costa County",""
"RTD","RUTH  DAM","MAD R","TRINITY","-123.433000","40.367000","2,675","Humboldt Bay Muncipal Water District",""
"RTH","RUTH LAKE","MAD R","HUMBOLDT","-123.372000","40.319000","2,700","CA Dept of Water Resources/Flood Management",""
"RTL","RATTLESNAKE","FEATHER R","PLUMAS","-121.043000","40.125000","6,100","CA Dept of Water Resources/Operations and Maintenance",""
"RVE","RIVERSIDE AIRPORT","SANTA ANA R","RIVERSIDE","-117.444168","33.951946","827","National Weather Service",""
"SAD","SADDLE CAMP","COTTONWOOD CR","TEHAMA","-122.800000","40.167000","3,850","CA Dept of Water Resources/Flood Management",""
"SAE","SACRAMENTO EXECUTIVE AIRPORT","SACRAMENTO R","SACRAMENTO","-121.495003","38.506943","21","National Weather Service",""
"SAF","SANTA FE","SAN GABRIEL R","LOS ANGELES","-117.946400","34.126100","500","Los Angeles County Fire Dept",""
"SAV","SHAVER","SAN JOAQUIN R","FRESNO","-119.256110","37.135000","5,746","CAL FIRE",""
"SBG","SHASTA R BLW CTY RD A-12 NR GRENADA","SHASTA R","SISKIYOU","-122.499170","41.649070","2,490","CA Dept of Water Resources/North Region Office",""
"SBY","STRAWBERRY VALLEY","FEATHER R","YUBA","-121.106000","39.564000","3,810","CA Dept of Water Resources/Operations and Maintenance",""
"SCC","SUCCESS DAM","TULE R","TULARE","-118.922000","36.061000","692","US Army Corps of Engineers",""
"SCD","SCOTT DAM","EEL R","LAKE","-122.958600","39.408300","1,807","Pacific Gas & Electric",""
"SCH","SCHULTIES RD","SAN LORENZO R","SANTA CRUZ","-121.969000","37.133000","1,400","Santa Cruz County",""
"SCR","SACRAMENTO WB CITY","SACTO VLY WEST","SACRAMENTO","-121.500000","38.583000","25","National Weather Service",""
"SCT","SCOTT MOUNTAIN","SCOTT R","SISKIYOU","-122.718000","41.272000","5,900","US Bureau of Reclamation",""
"SCY","SAN BERNARDINO COUNTY YARD","SANTA ANA R","SAN BERNARDINO","-117.268000","34.104000","1,042",".None Specified",""
"SDF","SAND FLAT","SACRAMENTO R","SISKIYOU","-122.246400","41.350400","6,750","US Bureau of Reclamation",""
"SDG","SAN DIEGO NWS-LINDBERGH FIELD","SAN DIEGO R","SAN DIEGO","-117.167000","32.733000","13","National Weather Service",""
"SDR","SAN ANDREAS","CALAVERAS R","CALAVERAS","-120.680000","38.200000","54","National Weather Service",""
"SEW","SMITH PEAK RAWS","TUOLUMNE R","TUOLUMNE","-120.100800","37.800500","3,871","US Forest Service",""
"SEY","SOUTH ENTRANCE YOSEMITE","MERCED R","MARIPOSA","-119.633000","37.500000","5,120","National Weather Service",""
"SFB","SPRING GAP FOREBAY (PG&E)","STANISLAUS R","CALAVERAS","-120.103000","38.172000","5,100","Pacific Gas & Electric",""
"SFN","SAN FRANCISCO","SF BAY","SAN FRANCISCO","-122.426941","37.770557","150","National Weather Service",""
"SFS","STOCKTON FIRE STATION","SAN JOAQUIN R","SAN JOAQUIN","-121.319000","37.999000","14","CA Dept of Water Resources",""
"SGF","SPRING GAP FOREBAY","STANISLAUS R","TUOLUMNE","-120.103000","38.172000","5,100","Pacific Gas & Electric",""
"SGL","SUGARLOAF","KINGS R","TULARE","-118.675000","36.726667","8,120","National Park Service",""
"SGP","SUGAR PINE","AMERICAN R","PLACER","-120.750000","39.128000","3,843","US Bureau of Reclamation",""
"SGV","SPRINGVILLE TULE POWERPLANT","TULE R","TULARE","-118.707200","36.163100","4,070","Pacific Gas & Electric",""
"SH4","ST. HELENA 4WSW","NAPA R","NAPA","-122.539722","38.493056","1,729","CA Dept of Water Resources/Flood Management",""
"SHA","SHASTA DAM  (USBR)","SACRAMENTO R","SHASTA","-122.420000","40.718000","1,067","US Bureau of Reclamation",""
"SHI","SHINGLETOWN","SACTO VLY NE","SHASTA","-121.850000","40.496000","3,630","CA Dept of Water Resources/Flood Management",""
"SHK","SOUTH FORK MOUNTAIN","SACRAMENTO R","SHASTA","-122.525000","40.657000","3,450","US Bureau of Reclamation",""
"SHO","SHASTA DAM (OBS)","SACRAMENTO R","SHASTA","-122.417000","40.717000","1,075","US Bureau of Reclamation",""
"SHR","SHEEP RANCH","CALAVERAS R","CALAVERAS","-120.462000","38.210000","2,370","US Army Corps of Engineers",""
"SHS","SHASTA DAM (USBR)","SACRAMENTO R","SHASTA","-122.417000","40.717000","1,100","US Bureau of Reclamation",""
"SIL","SILVER LAKE","AMERICAN R","EL DORADO","-120.118000","38.678000","7,100","US Bureau of Reclamation",""
"SJE","SAN JOSE (ALERT)","LOS GATOS CR (NEAR SAN JOSE)","SANTA CLARA","-121.927000","37.362000","58","Santa Clara County",""
"SLE","SAN LEANDRO BAY","SF BAY","ALAMEDA","-122.217000","37.700000","10","Alameda County",""
"SLH","SOUTH LAKE TAHOE AIRPORT","TRUCKEE R","EL DORADO","-119.994720","38.898335","6,314","National Weather Service",""
"SLM","STANISLAUS MEADOW","STANISLAUS R","ALPINE","-119.937300","38.505500","7,750","US Bureau of Reclamation",""
"SLP","SLY PARK","COSUMNES R","EL DORADO","-120.563000","38.718000","3,530","US Bureau of Reclamation",""
"SLT","SLATE CREEK","SACRAMENTO R","SHASTA","-122.478000","41.045000","5,700","US Bureau of Reclamation",""
"SMB","SANTA MARGARITA BOOSTER","SALINAS R","SAN LUIS OBISPO","-120.637000","35.374000","1,100","CA Dept of Water Resources/Flood Management",""
"SMF","SACRAMENTO INTERNATIONAL AIRPORT","SACTO VLY WEST","SACRAMENTO","-121.587000","38.686000","17","Sacramento County",""
"SMI","SMITH MOUNTAIN","SALINAS R","MONTEREY","-120.608000","36.083000","3,920","CA Dept of Water Resources/Operations and Maintenance",""
"SMV","SIMI VALLEY","SANTA CLARA R","VENTURA","-118.797600","34.291200","914","Ventura County",""
"SND","SAN DIMAS DAM","SAN GABRIEL R","LOS ANGELES","-117.771000","34.153000","1,350",".None Specified",""
"SNG","SANDBERG","MOJAVE DESERT","LOS ANGELES","-118.724167","34.743610","4,510","National Weather Service",""
"SNM","SNOW MOUNTAIN","PIT R","SHASTA","-121.782000","40.778000","5,950","US Bureau of Reclamation",""
"SNO","SONOMA COUNTY AIRPORT (SANTA ROSA)","RUSSIAN R","SONOMA","-122.810280","38.503887","114","National Weather Service",""
"SNR","SANGUINETTI RANCH","SAN JOAQUIN R","SAN JOAQUIN","-120.981000","37.993000","238","San Joaquin County",""
"SNV","SAN ANTONIO RESERVOIR NEAR SUNOL","ALAMEDA CR","ALAMEDA","-121.845818","37.577227","498","San Francisco PUC",""
"SOC","STOCKTON AIRPORT","LITTLEJOHN CR","SAN JOAQUIN","-121.226387","37.889999","27","National Weather Service",""
"SOR","SONORA RS","TUOLUMNE R","TUOLUMNE","-120.383000","37.983000","1,749","Tuolumne Utility District",""
"SPA","SPANISH LAKE","LOS GATOS CR (NEAR COALINGA)","FRESNO","-120.526000","36.262000","4,840","CA Dept of Water Resources/Operations and Maintenance",""
"SPN","LAKE SPAULDING (PRECIP)","YUBA R","NEVADA","-120.633000","39.317000","5,160","Pacific Gas & Electric",""
"SPO","SACRAMENTO POST OFFICE","SACTO VLY WEST","SACRAMENTO","-121.500000","38.583000","25","National Weather Service",""
"SPS","SONORA PASS BRIDGE","WALKER R","MONO","-119.601000","38.318000","8,750","Natural Resources Conservation Service",""
"SPV","SPRINGVILLE TULE","TULE R","TULARE","-118.650000","36.200000","4,070","National Weather Service",""
"SPW","STANISLAUS POWERHOUSE","STANISLAUS R","CALAVERAS","-120.367000","38.133000","1,060","Pacific Gas & Electric",""
"SRC","SIERRA CITY","YUBA R","SIERRA","-120.652800","39.567800","4,700","CA Dept of Water Resources/Flood Management",""
"SRI","SANTA RITA","SAN BENITO R","SAN BENITO","-120.598000","36.348000","5,000","CAL FIRE",""
"SRR","SIERRAVILLE RS (USFS)","FEATHER R","SIERRA","-120.367000","39.583000","4,975","US Forest Service",""
"SSN","SUSANVILLE","SUSAN R","LASSEN","-120.567000","40.367000","4,148","CAL FIRE",""
"SSR","SALT SPRINGS PH (PG&E)","MOKELUMNE R","CALAVERAS","-120.219000","38.498000","3,700","Pacific Gas & Electric",""
"STA","SANTA ROSA (CDF)","RUSSIAN R","SONOMA","-122.712000","38.479000","560","CAL FIRE",""
"STG","STONY GORGE RESERVOIR","STONY CR","GLENN","-122.533000","39.583000","800","US Bureau of Reclamation",""
"STM","STOUTS MEADOW","MC CLOUD R","SHASTA","-121.938000","41.170000","5,400","US Bureau of Reclamation",""
"STN","STANISLAUS PH (OBSERVER)","TUOLUMNE R","TUOLUMNE","-120.369000","38.140000","1,135","Pacific Gas & Electric",""
"STR","OSTRANDER LAKE","MERCED R","MARIPOSA","-119.550000","37.637000","8,200","CA Dept of Water Resources/Snow Surveys",""
"STS","SALT SPRINGS PH (OBSERVER)","MOKELUMNE R","AMADOR","-120.217000","38.500000","3,700","Pacific Gas & Electric",""
"STV","STRAWBERRY VALLEY","FEATHER R","YUBA","-121.100000","39.567000","3,808","National Weather Service",""
"SVL","SIERRAVILLE (DWR)","FEATHER R","SIERRA","-120.367000","39.583000","4,975","CA Dept of Water Resources/O&M Oroville Field Division",""
"SYP","SWEENEY CREEK","ULATIS CR","SOLANO","-121.953880","38.445549","121","Solano County Water Agency",""
"TAC","TAHOE CITY (NWS)","LAKE TAHOE","PLACER","-120.133000","39.167000","6,230","National Weather Service",""
"TAL","TALEGA","SANTA MARGARITA R","SAN DIEGO","-117.487000","33.475000","1,203","Camp Pendleton Fire Dept",""
"TAY","NELSON ST TAYLORSVILLE","FEATHER R","PLUMAS","-120.835700","40.079300","3,540","CA Dept of Water Resources/North Region Office",""
"TCP","TIGER CREEK POWERHOUSE","MOKELUMNE R","CALAVERAS","-120.483000","38.450000","2,360","Pacific Gas & Electric",""
"TGR","TIGER CREEK PH","MOKELUMNE R","AMADOR","-120.483000","38.450000","2,360","Pacific Gas & Electric",""
"TGS","TRINITY GUARD STATION","TRINITY R","TRINITY","-122.660000","40.825000","4,100","US Bureau of Reclamation",""
"THO","THOMES CREEK AT PASKENTA","SACRAMENTO R","TEHAMA","-122.528564","39.887840","720","CA Dept of Water Resources/North Region Office",""
"THP","THOMPSON CREEK DAM","LOS ANGELES R","LOS ANGELES","-117.709000","34.139000","1,600",".None Specified",""
"TKE","TRUCKEE RS (OBS)","TRUCKEE R","NEVADA","-120.183000","39.333000","6,020","US Forest Service",""
"TLH","TELEGRAPH HILL","STANISLAUS R","TUOLUMNE","-120.353000","38.030000","3,730","US Bureau of Reclamation",""
"TMP","TOMASINI POINT","COAST-MARIN","MARIN","-122.850000","38.117000","40","CA Dept of Health Services (Richmond)",""
"TMR","TAMARACK SUMMIT","SAN JOAQUIN R","FRESNO","-119.200000","37.165000","7,550","US Bureau of Reclamation",""
"TOK","THOUSAND OAKS RAWS","SANTA CLARA R","VENTURA","-118.870000","34.210000","795","Ventura County Fire",""
"TPG","TOPANGA RAWS","VENTURA LA COASTAL","LOS ANGELES","-118.605000","34.136400","1,600","Los Angeles County Fire Dept",""
"TRI","TRIMMER","KINGS R","FRESNO","-119.200000","36.900000","1,540","US Forest Service",""
"TRM","TERMINUS DAM","KAWEAH R","TULARE","-119.002000","36.415000","752","US Army Corps of Engineers",""
"TRS","TROUGH SPRING","STONY CR","COLUSA","-122.654000","39.296000","4,000","US Army Corps of Engineers",""
"TUM","TUOLUMNE MEADOWS","TUOLUMNE R","TUOLUMNE","-119.350000","37.873000","8,600","CA Dept of Water Resources",""
"TVL","THOMPSON VALLEY","FEATHER R","PLUMAS","-120.478900","39.979000","5,404","CA Dept of Water Resources/O&M Oroville Field Division",""
"TYR","TAYLOR RIDGE","TRINITY R","TRINITY","-122.817000","40.917000","4,000","US Bureau of Reclamation",""
"USC","LOS ANGELES / USC","LOS ANGELES R","LOS ANGELES","-118.291389","34.021667","185","National Weather Service",""
"VEN","VENADO","RUSSIAN R","SONOMA","-123.018056","38.608611","1,260","CA Dept of Water Resources/Flood Management",""
"VLT","VOLTA PH","SACTO VLY NE","SHASTA","-121.867000","40.467000","2,200","Pacific Gas & Electric",""
"VNI","SAN JOAQUIN RIVER AT VENICE ISLAND","SAN JOAQUIN R","SAN JOAQUIN","-121.496696","38.050179","0","CA Dept of Water Resources/Operations and Maintenance",""
"VNT","VINTON","FEATHER R","PLUMAS","-120.183000","39.800000","4,944","National Weather Service",""
"VRG","VIRGINIA LAKES RIDGE","WALKER R","MONO","-119.234000","38.077000","9,300","Natural Resources Conservation Service",""
"WHI","WHISKEYTOWN DAM (USBR)","SACRAMENTO R","SHASTA","-122.537000","40.598000","1,210","US Bureau of Reclamation",""
"WHK","WHISKEYTOWN DAM (OBSERVER)","SACRAMENTO R","SHASTA","-122.550000","40.600000","1,220","CAL FIRE",""
"WHW","WHITE WOLF","TUOLUMNE R","TUOLUMNE","-119.651600","37.859500","7,900","National Park Service",""
"WIL","WILLITS HOWARD RS","RUSSIAN R","MENDOCINO","-123.321700","39.350600","1,925","CA Dept of Water Resources/Flood Management",""
"WLN","WALNUT CREEK SB","SAN GABRIEL R","LOS ANGELES","-117.874000","34.074000","520",".None Specified",""
"WRS","WARM SPRINGS (USACE)","RUSSIAN R","SONOMA","-123.010000","38.723000","440","US Army Corps of Engineers",""
"WSD","WISHON DAM (PG&E)","KINGS R","FRESNO","-118.986000","37.003000","6,550","Pacific Gas & Electric",""
"WSH","LAKE WISHON","KINGS R","FRESNO","-118.983000","37.011000","6,550","Pacific Gas & Electric",""
"WSP","WHISPERING PINES","PUTAH CR","LAKE","-122.708333","38.805833","2,700","CA Dept of Water Resources/Flood Management",""
"WST","WESTFALL","FRESNO R","MARIPOSA","-119.649700","37.449400","4,880","US Army Corps of Engineers",""
"WTR","WHISKEYTOWN RAWS HQ#2 NR WHISKEYTOWN 3SE","SACRAMENTO R","SHASTA","-122.527314","40.610514","1,360","National Weather Service",""
"WVR","WEAVERVILLE RS","TRINITY R","TRINITY","-122.950000","40.733000","2,050","US Forest Service",""
"WWD","WESTWOOD","FEATHER R","LASSEN","-120.900000","40.307000","5,150","CAL FIRE",""
"WWN","WAWONA RAWS","MERCED R","MARIPOSA","-119.644997","37.534443","4,300","Yosemite National Park",""
"YGF","YGNACIO VALLEY FIRE","EAST BAY","CONTRA COSTA","-122.028000","37.938000","83","Contra Costa County",""
"YOR","YORKVILLE","RUSSIAN R","MENDOCINO","-123.231400","38.905300","1,100","CA Dept of Water Resources/Flood Management",""
"YOW","YOSEMITE NEAR WAWONA","MERCED R","MARIPOSA","-119.632000","37.508000","4,957","Merced Irrigation District",""
"YSM","YOSEMITE (OBS)","MERCED R","MARIPOSA","-119.583000","37.740000","3,985","National Weather Service",""
"YSV","YOSEMITE HEADQUARTERS","MERCED R","MARIPOSA","-119.583000","37.740000","3,966","Merced Irrigation District",""
"YUC","YUCCA VALLEY","WHITEWATER R","SAN BERNARDINO","-116.408000","34.123000","3,100","CAL FIRE",""
"YYV","YOSEMITE AT YOSEMITE VALLEY","MERCED R","MARIPOSA","-119.589000","37.740000","4,200","Merced Irrigation District",""
"ZEN","ZENIA","EEL R","TRINITY","-123.460000","40.208000","4,000","CA Dept of Water Resources/Flood Management",""
"ZOD","LAKE BERRYESSA (USBR)","PUTAH CR","NAPA","-122.230316","38.550934","490","Solano County Water Agency",""
"ZPC","ZAPATO CHINO","LOS GATOS CR (NEAR COALINGA)","FRESNO","-120.293000","36.016000","1,150","CA Dept of Water Resources",""